Country Name,Country Code,Year,Land Area (sq. km)
Afghanistan,AFG,1990,652860
Afghanistan,AFG,2000,652860
Afghanistan,AFG,2011,652860
Afghanistan,AFG,2012,652860
Afghanistan,AFG,2013,652860
Afghanistan,AFG,2014,652860
Afghanistan,AFG,2015,652860
Afghanistan,AFG,2016,652860
Afghanistan,AFG,2017,652860
Afghanistan,AFG,2018,652860
Albania,ALB,1990,27400
Albania,ALB,2000,27400
Albania,ALB,2011,27400
Albania,ALB,2012,27400
Albania,ALB,2013,27400
Albania,ALB,2014,27400
Albania,ALB,2015,27400
Albania,ALB,2016,27400
Albania,ALB,2017,27400
Albania,ALB,2018,27400
Algeria,DZA,1990,2381740
Algeria,DZA,2000,2381740
Algeria,DZA,2011,2381740
Algeria,DZA,2012,2381740
Algeria,DZA,2013,2381740
Algeria,DZA,2014,2381740
Algeria,DZA,2015,2381741
Algeria,DZA,2016,2381741
Algeria,DZA,2017,2381741
Algeria,DZA,2018,2381741
American Samoa,ASM,1990,200
American Samoa,ASM,2000,200
American Samoa,ASM,2011,200
American Samoa,ASM,2012,200
American Samoa,ASM,2013,200
American Samoa,ASM,2014,200
American Samoa,ASM,2015,200
American Samoa,ASM,2016,200
American Samoa,ASM,2017,200
American Samoa,ASM,2018,200
Andorra,AND,1990,470
Andorra,AND,2000,470
Andorra,AND,2011,470
Andorra,AND,2012,470
Andorra,AND,2013,470
Andorra,AND,2014,470
Andorra,AND,2015,470
Andorra,AND,2016,470
Andorra,AND,2017,470
Andorra,AND,2018,470
Angola,AGO,1990,1246700
Angola,AGO,2000,1246700
Angola,AGO,2011,1246700
Angola,AGO,2012,1246700
Angola,AGO,2013,1246700
Angola,AGO,2014,1246700
Angola,AGO,2015,1246700
Angola,AGO,2016,1246700
Angola,AGO,2017,1246700
Angola,AGO,2018,1246700
Antigua and Barbuda,ATG,1990,440
Antigua and Barbuda,ATG,2000,440
Antigua and Barbuda,ATG,2011,440
Antigua and Barbuda,ATG,2012,440
Antigua and Barbuda,ATG,2013,440
Antigua and Barbuda,ATG,2014,440
Antigua and Barbuda,ATG,2015,440
Antigua and Barbuda,ATG,2016,440
Antigua and Barbuda,ATG,2017,440
Antigua and Barbuda,ATG,2018,440
Argentina,ARG,1990,2736690
Argentina,ARG,2000,2736690
Argentina,ARG,2011,2736690
Argentina,ARG,2012,2736690
Argentina,ARG,2013,2736690
Argentina,ARG,2014,2736690
Argentina,ARG,2015,2736690
Argentina,ARG,2016,2736690
Argentina,ARG,2017,2736690
Argentina,ARG,2018,2736690
Armenia,ARM,1990,28470
Armenia,ARM,2000,28470
Armenia,ARM,2011,28470
Armenia,ARM,2012,28470
Armenia,ARM,2013,28470
Armenia,ARM,2014,28470
Armenia,ARM,2015,28470
Armenia,ARM,2016,28470
Armenia,ARM,2017,28470
Armenia,ARM,2018,28470
Aruba,ABW,1990,180
Aruba,ABW,2000,180
Aruba,ABW,2011,180
Aruba,ABW,2012,180
Aruba,ABW,2013,180
Aruba,ABW,2014,180
Aruba,ABW,2015,180
Aruba,ABW,2016,180
Aruba,ABW,2017,180
Aruba,ABW,2018,180
Australia,AUS,1990,7682300
Australia,AUS,2000,7682300
Australia,AUS,2011,7682300
Australia,AUS,2012,7682300
Australia,AUS,2013,7682300
Australia,AUS,2014,7682300
Australia,AUS,2015,7682300
Australia,AUS,2016,7692020
Australia,AUS,2017,7692020
Australia,AUS,2018,7692020
Austria,AUT,1990,82580
Austria,AUT,2000,82580
Austria,AUT,2011,82561
Austria,AUT,2012,82554
Austria,AUT,2013,82531
Austria,AUT,2014,82523
Austria,AUT,2015,82520
Austria,AUT,2016,82520
Austria,AUT,2017,82520
Austria,AUT,2018,82520
Azerbaijan,AZE,1990,83217
Azerbaijan,AZE,2000,82605
Azerbaijan,AZE,2011,82658
Azerbaijan,AZE,2012,82658
Azerbaijan,AZE,2013,82659
Azerbaijan,AZE,2014,82663
Azerbaijan,AZE,2015,82663
Azerbaijan,AZE,2016,82670
Azerbaijan,AZE,2017,82662
Azerbaijan,AZE,2018,82654
"Bahamas, The",BHS,1990,10010
"Bahamas, The",BHS,2000,10010
"Bahamas, The",BHS,2011,10010
"Bahamas, The",BHS,2012,10010
"Bahamas, The",BHS,2013,10010
"Bahamas, The",BHS,2014,10010
"Bahamas, The",BHS,2015,10010
"Bahamas, The",BHS,2016,10010
"Bahamas, The",BHS,2017,10010
"Bahamas, The",BHS,2018,10010
Bahrain,BHR,1990,690
Bahrain,BHR,2000,710
Bahrain,BHR,2011,767
Bahrain,BHR,2012,770
Bahrain,BHR,2013,770
Bahrain,BHR,2014,771
Bahrain,BHR,2015,778
Bahrain,BHR,2016,779
Bahrain,BHR,2017,780
Bahrain,BHR,2018,780
Bangladesh,BGD,1990,130170
Bangladesh,BGD,2000,130170
Bangladesh,BGD,2011,130170
Bangladesh,BGD,2012,130170
Bangladesh,BGD,2013,130170
Bangladesh,BGD,2014,130170
Bangladesh,BGD,2015,130170
Bangladesh,BGD,2016,130170
Bangladesh,BGD,2017,130170
Bangladesh,BGD,2018,130170
Barbados,BRB,1990,430
Barbados,BRB,2000,430
Barbados,BRB,2011,430
Barbados,BRB,2012,430
Barbados,BRB,2013,430
Barbados,BRB,2014,430
Barbados,BRB,2015,430
Barbados,BRB,2016,430
Barbados,BRB,2017,430
Barbados,BRB,2018,430
Belarus,BLR,1990,202840
Belarus,BLR,2000,202840
Belarus,BLR,2011,202910
Belarus,BLR,2012,202910
Belarus,BLR,2013,202908
Belarus,BLR,2014,202973
Belarus,BLR,2015,202978
Belarus,BLR,2016,202988
Belarus,BLR,2017,202990
Belarus,BLR,2018,202980
Belgium,BEL,1990,32820
Belgium,BEL,2000,30280
Belgium,BEL,2011,30280
Belgium,BEL,2012,30280
Belgium,BEL,2013,30280
Belgium,BEL,2014,30280
Belgium,BEL,2015,30280
Belgium,BEL,2016,30280
Belgium,BEL,2017,30280
Belgium,BEL,2018,30280
Belize,BLZ,1990,22810
Belize,BLZ,2000,22810
Belize,BLZ,2011,22810
Belize,BLZ,2012,22810
Belize,BLZ,2013,22810
Belize,BLZ,2014,22810
Belize,BLZ,2015,22810
Belize,BLZ,2016,22810
Belize,BLZ,2017,22810
Belize,BLZ,2018,22810
Benin,BEN,1990,112760
Benin,BEN,2000,112760
Benin,BEN,2011,112760
Benin,BEN,2012,112760
Benin,BEN,2013,112760
Benin,BEN,2014,112760
Benin,BEN,2015,112760
Benin,BEN,2016,112760
Benin,BEN,2017,112760
Benin,BEN,2018,112760
Bermuda,BMU,1990,54
Bermuda,BMU,2000,54
Bermuda,BMU,2011,54
Bermuda,BMU,2012,54
Bermuda,BMU,2013,54
Bermuda,BMU,2014,54
Bermuda,BMU,2015,54
Bermuda,BMU,2016,54
Bermuda,BMU,2017,54
Bermuda,BMU,2018,54
Bhutan,BTN,1990,46723
Bhutan,BTN,2000,39800
Bhutan,BTN,2011,38117
Bhutan,BTN,2012,38117
Bhutan,BTN,2013,38117
Bhutan,BTN,2014,38117
Bhutan,BTN,2015,38117
Bhutan,BTN,2016,38144
Bhutan,BTN,2017,38144
Bhutan,BTN,2018,38140
Bolivia,BOL,1990,1083300
Bolivia,BOL,2000,1083300
Bolivia,BOL,2011,1083300
Bolivia,BOL,2012,1083300
Bolivia,BOL,2013,1083300
Bolivia,BOL,2014,1083300
Bolivia,BOL,2015,1083300
Bolivia,BOL,2016,1083300
Bolivia,BOL,2017,1083300
Bolivia,BOL,2018,1083300
Bosnia and Herzegovina,BIH,1990,51200
Bosnia and Herzegovina,BIH,2000,51200
Bosnia and Herzegovina,BIH,2011,51200
Bosnia and Herzegovina,BIH,2012,51200
Bosnia and Herzegovina,BIH,2013,51200
Bosnia and Herzegovina,BIH,2014,51200
Bosnia and Herzegovina,BIH,2015,51200
Bosnia and Herzegovina,BIH,2016,51200
Bosnia and Herzegovina,BIH,2017,51200
Bosnia and Herzegovina,BIH,2018,51200
Botswana,BWA,1990,566730
Botswana,BWA,2000,566730
Botswana,BWA,2011,566730
Botswana,BWA,2012,566730
Botswana,BWA,2013,566730
Botswana,BWA,2014,566730
Botswana,BWA,2015,566730
Botswana,BWA,2016,566730
Botswana,BWA,2017,566730
Botswana,BWA,2018,566730
Brazil,BRA,1990,8358140
Brazil,BRA,2000,8358140
Brazil,BRA,2011,8358140
Brazil,BRA,2012,8358140
Brazil,BRA,2013,8358140
Brazil,BRA,2014,8358140
Brazil,BRA,2015,8358140
Brazil,BRA,2016,8358140
Brazil,BRA,2017,8358140
Brazil,BRA,2018,8358140
British Virgin Islands,VGB,1990,150
British Virgin Islands,VGB,2000,150
British Virgin Islands,VGB,2011,150
British Virgin Islands,VGB,2012,150
British Virgin Islands,VGB,2013,150
British Virgin Islands,VGB,2014,150
British Virgin Islands,VGB,2015,150
British Virgin Islands,VGB,2016,150
British Virgin Islands,VGB,2017,150
British Virgin Islands,VGB,2018,150
Brunei Darussalam,BRN,1990,5270
Brunei Darussalam,BRN,2000,5270
Brunei Darussalam,BRN,2011,5270
Brunei Darussalam,BRN,2012,5270
Brunei Darussalam,BRN,2013,5270
Brunei Darussalam,BRN,2014,5270
Brunei Darussalam,BRN,2015,5270
Brunei Darussalam,BRN,2016,5270
Brunei Darussalam,BRN,2017,5270
Brunei Darussalam,BRN,2018,5270
Bulgaria,BGR,1990,110630
Bulgaria,BGR,2000,110630
Bulgaria,BGR,2011,108560
Bulgaria,BGR,2012,108560
Bulgaria,BGR,2013,108560
Bulgaria,BGR,2014,108560
Bulgaria,BGR,2015,108560
Bulgaria,BGR,2016,108560
Bulgaria,BGR,2017,108560
Bulgaria,BGR,2018,108560
Burkina Faso,BFA,1990,273600
Burkina Faso,BFA,2000,273600
Burkina Faso,BFA,2011,273600
Burkina Faso,BFA,2012,273600
Burkina Faso,BFA,2013,273600
Burkina Faso,BFA,2014,273600
Burkina Faso,BFA,2015,273600
Burkina Faso,BFA,2016,273600
Burkina Faso,BFA,2017,273600
Burkina Faso,BFA,2018,273600
Burundi,BDI,1990,25680
Burundi,BDI,2000,25680
Burundi,BDI,2011,25680
Burundi,BDI,2012,25680
Burundi,BDI,2013,25680
Burundi,BDI,2014,25680
Burundi,BDI,2015,25680
Burundi,BDI,2016,25680
Burundi,BDI,2017,25680
Burundi,BDI,2018,25680
Cabo Verde,CPV,1990,4030
Cabo Verde,CPV,2000,4030
Cabo Verde,CPV,2011,4030
Cabo Verde,CPV,2012,4030
Cabo Verde,CPV,2013,4030
Cabo Verde,CPV,2014,4030
Cabo Verde,CPV,2015,4030
Cabo Verde,CPV,2016,4030
Cabo Verde,CPV,2017,4030
Cabo Verde,CPV,2018,4030
Cambodia,KHM,1990,176520
Cambodia,KHM,2000,176520
Cambodia,KHM,2011,176520
Cambodia,KHM,2012,176520
Cambodia,KHM,2013,176520
Cambodia,KHM,2014,176520
Cambodia,KHM,2015,176520
Cambodia,KHM,2016,176520
Cambodia,KHM,2017,176520
Cambodia,KHM,2018,176520
Cameroon,CMR,1990,472710
Cameroon,CMR,2000,472710
Cameroon,CMR,2011,472710
Cameroon,CMR,2012,472710
Cameroon,CMR,2013,472710
Cameroon,CMR,2014,472710
Cameroon,CMR,2015,472710
Cameroon,CMR,2016,472710
Cameroon,CMR,2017,472710
Cameroon,CMR,2018,472710
Canada,CAN,1990,8965590
Canada,CAN,2000,8965590
Canada,CAN,2011,8965590
Canada,CAN,2012,8965590
Canada,CAN,2013,8965590
Canada,CAN,2014,8965590
Canada,CAN,2015,8965590
Canada,CAN,2016,8965590
Canada,CAN,2017,8965590
Canada,CAN,2018,8965590
Cayman Islands,CYM,1990,240
Cayman Islands,CYM,2000,240
Cayman Islands,CYM,2011,240
Cayman Islands,CYM,2012,240
Cayman Islands,CYM,2013,240
Cayman Islands,CYM,2014,240
Cayman Islands,CYM,2015,240
Cayman Islands,CYM,2016,240
Cayman Islands,CYM,2017,240
Cayman Islands,CYM,2018,240
Central African Republic,CAF,1990,622980
Central African Republic,CAF,2000,622980
Central African Republic,CAF,2011,622980
Central African Republic,CAF,2012,622980
Central African Republic,CAF,2013,622980
Central African Republic,CAF,2014,622980
Central African Republic,CAF,2015,622980
Central African Republic,CAF,2016,622980
Central African Republic,CAF,2017,622980
Central African Republic,CAF,2018,622980
Chad,TCD,1990,1259200
Chad,TCD,2000,1259200
Chad,TCD,2011,1259200
Chad,TCD,2012,1259200
Chad,TCD,2013,1259200
Chad,TCD,2014,1259200
Chad,TCD,2015,1259200
Chad,TCD,2016,1259200
Chad,TCD,2017,1259200
Chad,TCD,2018,1259200
Channel Islands,CHI,1990,198
Channel Islands,CHI,2000,198
Channel Islands,CHI,2011,198
Channel Islands,CHI,2012,198
Channel Islands,CHI,2013,198
Channel Islands,CHI,2014,198
Channel Islands,CHI,2015,198
Channel Islands,CHI,2016,198
Channel Islands,CHI,2017,198
Channel Islands,CHI,2018,198
Chile,CHL,1990,743532
Chile,CHL,2000,743532
Chile,CHL,2011,743532
Chile,CHL,2012,743532
Chile,CHL,2013,743532
Chile,CHL,2014,743532
Chile,CHL,2015,743532
Chile,CHL,2016,743532
Chile,CHL,2017,743532
Chile,CHL,2018,743532
China,CHN,1990,9424670
China,CHN,2000,9424700
China,CHN,2011,9424700.9
China,CHN,2012,9424700.9
China,CHN,2013,9424701.3
China,CHN,2014,9424701.3
China,CHN,2015,9424701.4
China,CHN,2016,9424700.5
China,CHN,2017,9424700.8
China,CHN,2018,9424702.9
Colombia,COL,1990,1109500
Colombia,COL,2000,1109500
Colombia,COL,2011,1109500
Colombia,COL,2012,1109500
Colombia,COL,2013,1109500
Colombia,COL,2014,1109500
Colombia,COL,2015,1109500
Colombia,COL,2016,1109500
Colombia,COL,2017,1109500
Colombia,COL,2018,1109500
Comoros,COM,1990,1861
Comoros,COM,2000,1861
Comoros,COM,2011,1861
Comoros,COM,2012,1861
Comoros,COM,2013,1861
Comoros,COM,2014,1861
Comoros,COM,2015,1861
Comoros,COM,2016,1861
Comoros,COM,2017,1861
Comoros,COM,2018,1861
"Congo, Dem. Rep.",COD,1990,2267050
"Congo, Dem. Rep.",COD,2000,2267050
"Congo, Dem. Rep.",COD,2011,2267050
"Congo, Dem. Rep.",COD,2012,2267050
"Congo, Dem. Rep.",COD,2013,2267050
"Congo, Dem. Rep.",COD,2014,2267050
"Congo, Dem. Rep.",COD,2015,2267050
"Congo, Dem. Rep.",COD,2016,2267050
"Congo, Dem. Rep.",COD,2017,2267050
"Congo, Dem. Rep.",COD,2018,2267050
"Congo, Rep.",COG,1990,341500
"Congo, Rep.",COG,2000,341500
"Congo, Rep.",COG,2011,341500
"Congo, Rep.",COG,2012,341500
"Congo, Rep.",COG,2013,341500
"Congo, Rep.",COG,2014,341500
"Congo, Rep.",COG,2015,341500
"Congo, Rep.",COG,2016,341500
"Congo, Rep.",COG,2017,341500
"Congo, Rep.",COG,2018,341500
Costa Rica,CRI,1990,51060
Costa Rica,CRI,2000,51060
Costa Rica,CRI,2011,51060
Costa Rica,CRI,2012,51060
Costa Rica,CRI,2013,51060
Costa Rica,CRI,2014,51060
Costa Rica,CRI,2015,51060
Costa Rica,CRI,2016,51060
Costa Rica,CRI,2017,51060
Costa Rica,CRI,2018,51060
Cote d'Ivoire,CIV,1990,318000
Cote d'Ivoire,CIV,2000,318000
Cote d'Ivoire,CIV,2011,318000
Cote d'Ivoire,CIV,2012,318000
Cote d'Ivoire,CIV,2013,318000
Cote d'Ivoire,CIV,2014,318000
Cote d'Ivoire,CIV,2015,318000
Cote d'Ivoire,CIV,2016,318000
Cote d'Ivoire,CIV,2017,318000
Cote d'Ivoire,CIV,2018,318000
Croatia,HRV,1990,55910
Croatia,HRV,2000,55910
Croatia,HRV,2011,55960
Croatia,HRV,2012,55960
Croatia,HRV,2013,55960
Croatia,HRV,2014,56590
Croatia,HRV,2015,56590
Croatia,HRV,2016,56590
Croatia,HRV,2017,56590
Croatia,HRV,2018,56590
Cuba,CUB,1990,107400
Cuba,CUB,2000,107400
Cuba,CUB,2011,106863
Cuba,CUB,2012,106649
Cuba,CUB,2013,104220
Cuba,CUB,2014,104020
Cuba,CUB,2015,104100
Cuba,CUB,2016,104040
Cuba,CUB,2017,103800
Cuba,CUB,2018,103800
Curacao,CUW,1990,444
Curacao,CUW,2000,444
Curacao,CUW,2011,444
Curacao,CUW,2012,444
Curacao,CUW,2013,444
Curacao,CUW,2014,444
Curacao,CUW,2015,444
Curacao,CUW,2016,444
Curacao,CUW,2017,444
Curacao,CUW,2018,444
Cyprus,CYP,1990,9240
Cyprus,CYP,2000,9240
Cyprus,CYP,2011,9240
Cyprus,CYP,2012,9240
Cyprus,CYP,2013,9240
Cyprus,CYP,2014,9240
Cyprus,CYP,2015,9240
Cyprus,CYP,2016,9240
Cyprus,CYP,2017,9240
Cyprus,CYP,2018,9240
Czech Republic,CZE,1990,77270
Czech Republic,CZE,2000,77270
Czech Republic,CZE,2011,77240
Czech Republic,CZE,2012,77230
Czech Republic,CZE,2013,77220
Czech Republic,CZE,2014,77220
Czech Republic,CZE,2015,77210
Czech Republic,CZE,2016,77220
Czech Republic,CZE,2017,77210
Czech Republic,CZE,2018,77200
Denmark,DNK,1990,42390
Denmark,DNK,2000,42430
Denmark,DNK,2011,42430
Denmark,DNK,2012,40000
Denmark,DNK,2013,40000
Denmark,DNK,2014,40000
Denmark,DNK,2015,40000
Denmark,DNK,2016,40000
Denmark,DNK,2017,40000
Denmark,DNK,2018,40000
Djibouti,DJI,1990,23180
Djibouti,DJI,2000,23180
Djibouti,DJI,2011,23180
Djibouti,DJI,2012,23180
Djibouti,DJI,2013,23180
Djibouti,DJI,2014,23180
Djibouti,DJI,2015,23180
Djibouti,DJI,2016,23180
Djibouti,DJI,2017,23180
Djibouti,DJI,2018,23180
Dominica,DMA,1990,750
Dominica,DMA,2000,750
Dominica,DMA,2011,750
Dominica,DMA,2012,750
Dominica,DMA,2013,750
Dominica,DMA,2014,750
Dominica,DMA,2015,750
Dominica,DMA,2016,750
Dominica,DMA,2017,750
Dominica,DMA,2018,750
Dominican Republic,DOM,1990,48310
Dominican Republic,DOM,2000,48310
Dominican Republic,DOM,2011,48310
Dominican Republic,DOM,2012,48310
Dominican Republic,DOM,2013,48310
Dominican Republic,DOM,2014,48310
Dominican Republic,DOM,2015,48310
Dominican Republic,DOM,2016,48310
Dominican Republic,DOM,2017,48310
Dominican Republic,DOM,2018,48310
Ecuador,ECU,1990,276840
Ecuador,ECU,2000,248360
Ecuador,ECU,2011,248360
Ecuador,ECU,2012,248360
Ecuador,ECU,2013,248360
Ecuador,ECU,2014,248360
Ecuador,ECU,2015,248360
Ecuador,ECU,2016,248360
Ecuador,ECU,2017,248360
Ecuador,ECU,2018,248360
"Egypt, Arab Rep.",EGY,1990,995450
"Egypt, Arab Rep.",EGY,2000,995450
"Egypt, Arab Rep.",EGY,2011,995450
"Egypt, Arab Rep.",EGY,2012,995450
"Egypt, Arab Rep.",EGY,2013,995450
"Egypt, Arab Rep.",EGY,2014,995450
"Egypt, Arab Rep.",EGY,2015,995450
"Egypt, Arab Rep.",EGY,2016,995450
"Egypt, Arab Rep.",EGY,2017,995450
"Egypt, Arab Rep.",EGY,2018,995450
El Salvador,SLV,1990,20720
El Salvador,SLV,2000,20720
El Salvador,SLV,2011,20720
El Salvador,SLV,2012,20720
El Salvador,SLV,2013,20720
El Salvador,SLV,2014,20720
El Salvador,SLV,2015,20720
El Salvador,SLV,2016,20720
El Salvador,SLV,2017,20720
El Salvador,SLV,2018,20720
Equatorial Guinea,GNQ,1990,28050
Equatorial Guinea,GNQ,2000,28050
Equatorial Guinea,GNQ,2011,28050
Equatorial Guinea,GNQ,2012,28050
Equatorial Guinea,GNQ,2013,28050
Equatorial Guinea,GNQ,2014,28050
Equatorial Guinea,GNQ,2015,28050
Equatorial Guinea,GNQ,2016,28050
Equatorial Guinea,GNQ,2017,28050
Equatorial Guinea,GNQ,2018,28050
Eritrea,ERI,1990,101000
Eritrea,ERI,2000,101000
Eritrea,ERI,2011,101000
Eritrea,ERI,2012,101000
Eritrea,ERI,2013,101000
Eritrea,ERI,2014,101000
Eritrea,ERI,2015,101000
Eritrea,ERI,2016,101000
Eritrea,ERI,2017,101000
Eritrea,ERI,2018,101000
Estonia,EST,1990,42390
Estonia,EST,2000,42390
Estonia,EST,2011,42390
Estonia,EST,2012,42390
Estonia,EST,2013,43470
Estonia,EST,2014,43470
Estonia,EST,2015,43470
Estonia,EST,2016,43470
Estonia,EST,2017,43470
Estonia,EST,2018,43470
Eswatini,SWZ,1990,17200
Eswatini,SWZ,2000,17200
Eswatini,SWZ,2011,17200
Eswatini,SWZ,2012,17200
Eswatini,SWZ,2013,17200
Eswatini,SWZ,2014,17200
Eswatini,SWZ,2015,17200
Eswatini,SWZ,2016,17200
Eswatini,SWZ,2017,17200
Eswatini,SWZ,2018,17200
Ethiopia,ETH,1990,1101000
Ethiopia,ETH,2000,1000000
Ethiopia,ETH,2011,1129208.088
Ethiopia,ETH,2012,1129209.376
Ethiopia,ETH,2013,1129212.38
Ethiopia,ETH,2014,1129225.045
Ethiopia,ETH,2015,1129272.914
Ethiopia,ETH,2016,1129304.039
Ethiopia,ETH,2017,1129279.999
Ethiopia,ETH,2018,1129300.39
Faroe Islands,FRO,1990,1396
Faroe Islands,FRO,2000,1396
Faroe Islands,FRO,2011,1396
Faroe Islands,FRO,2012,1396
Faroe Islands,FRO,2013,1396
Faroe Islands,FRO,2014,1396
Faroe Islands,FRO,2015,1396
Faroe Islands,FRO,2016,1396
Faroe Islands,FRO,2017,1396
Faroe Islands,FRO,2018,1396
Fiji,FJI,1990,18270
Fiji,FJI,2000,18270
Fiji,FJI,2011,18270
Fiji,FJI,2012,18270
Fiji,FJI,2013,18270
Fiji,FJI,2014,18270
Fiji,FJI,2015,18270
Fiji,FJI,2016,18270
Fiji,FJI,2017,18270
Fiji,FJI,2018,18270
Finland,FIN,1990,304590
Finland,FIN,2000,304590
Finland,FIN,2011,303890
Finland,FIN,2012,303890
Finland,FIN,2013,303890
Finland,FIN,2014,303890
Finland,FIN,2015,303910
Finland,FIN,2016,303910
Finland,FIN,2017,303920
Finland,FIN,2018,303920
France,FRA,1990,547566
France,FRA,2000,547567
France,FRA,2011,547557
France,FRA,2012,547557
France,FRA,2013,547557
France,FRA,2014,547557
France,FRA,2015,547557
France,FRA,2016,547557
France,FRA,2017,547557
France,FRA,2018,547557
French Polynesia,PYF,1990,3660
French Polynesia,PYF,2000,3660
French Polynesia,PYF,2011,3660
French Polynesia,PYF,2012,3660
French Polynesia,PYF,2013,3660
French Polynesia,PYF,2014,3660
French Polynesia,PYF,2015,3660
French Polynesia,PYF,2016,3660
French Polynesia,PYF,2017,3660
French Polynesia,PYF,2018,3520
Gabon,GAB,1990,257670
Gabon,GAB,2000,257670
Gabon,GAB,2011,257670
Gabon,GAB,2012,257670
Gabon,GAB,2013,257670
Gabon,GAB,2014,257670
Gabon,GAB,2015,257670
Gabon,GAB,2016,257670
Gabon,GAB,2017,257670
Gabon,GAB,2018,257670
"Gambia, The",GMB,1990,10120
"Gambia, The",GMB,2000,10120
"Gambia, The",GMB,2011,10120
"Gambia, The",GMB,2012,10120
"Gambia, The",GMB,2013,10120
"Gambia, The",GMB,2014,10120
"Gambia, The",GMB,2015,10120
"Gambia, The",GMB,2016,10120
"Gambia, The",GMB,2017,10120
"Gambia, The",GMB,2018,10120
Georgia,GEO,1990,69490
Georgia,GEO,2000,69490
Georgia,GEO,2011,69490
Georgia,GEO,2012,69490
Georgia,GEO,2013,69490
Georgia,GEO,2014,69490
Georgia,GEO,2015,69490
Georgia,GEO,2016,69490
Georgia,GEO,2017,69490
Georgia,GEO,2018,69490
Germany,DEU,1990,349130
Germany,DEU,2000,348950
Germany,DEU,2011,348560
Germany,DEU,2012,348540
Germany,DEU,2013,348880
Germany,DEU,2014,348900
Germany,DEU,2015,348860
Germany,DEU,2016,349360
Germany,DEU,2017,349370
Germany,DEU,2018,349380
Ghana,GHA,1990,227540
Ghana,GHA,2000,227540
Ghana,GHA,2011,227540
Ghana,GHA,2012,227540
Ghana,GHA,2013,227540
Ghana,GHA,2014,227540
Ghana,GHA,2015,227540
Ghana,GHA,2016,227540
Ghana,GHA,2017,227540
Ghana,GHA,2018,227540
Gibraltar,GIB,1990,10
Gibraltar,GIB,2000,10
Gibraltar,GIB,2011,10
Gibraltar,GIB,2012,10
Gibraltar,GIB,2013,10
Gibraltar,GIB,2014,10
Gibraltar,GIB,2015,10
Gibraltar,GIB,2016,10
Gibraltar,GIB,2017,10
Gibraltar,GIB,2018,10
Greece,GRC,1990,128900
Greece,GRC,2000,128900
Greece,GRC,2011,128900
Greece,GRC,2012,128900
Greece,GRC,2013,128900
Greece,GRC,2014,128900
Greece,GRC,2015,128900
Greece,GRC,2016,128900
Greece,GRC,2017,128900
Greece,GRC,2018,128900
Greenland,GRL,1990,341700
Greenland,GRL,2000,410450
Greenland,GRL,2011,410450
Greenland,GRL,2012,410450
Greenland,GRL,2013,410450
Greenland,GRL,2014,410450
Greenland,GRL,2015,410450
Greenland,GRL,2016,410450
Greenland,GRL,2017,410450
Greenland,GRL,2018,410450
Grenada,GRD,1990,340
Grenada,GRD,2000,340
Grenada,GRD,2011,340
Grenada,GRD,2012,340
Grenada,GRD,2013,340
Grenada,GRD,2014,340
Grenada,GRD,2015,340
Grenada,GRD,2016,340
Grenada,GRD,2017,340
Grenada,GRD,2018,340
Guam,GUM,1990,540
Guam,GUM,2000,540
Guam,GUM,2011,540
Guam,GUM,2012,540
Guam,GUM,2013,540
Guam,GUM,2014,540
Guam,GUM,2015,540
Guam,GUM,2016,540
Guam,GUM,2017,540
Guam,GUM,2018,540
Guatemala,GTM,1990,107160
Guatemala,GTM,2000,107160
Guatemala,GTM,2011,107160
Guatemala,GTM,2012,107160
Guatemala,GTM,2013,107160
Guatemala,GTM,2014,107160
Guatemala,GTM,2015,107160
Guatemala,GTM,2016,107160
Guatemala,GTM,2017,107160
Guatemala,GTM,2018,107160
Guinea,GIN,1990,245720
Guinea,GIN,2000,245720
Guinea,GIN,2011,245720
Guinea,GIN,2012,245720
Guinea,GIN,2013,245720
Guinea,GIN,2014,245720
Guinea,GIN,2015,245720
Guinea,GIN,2016,245720
Guinea,GIN,2017,245720
Guinea,GIN,2018,245720
Guinea-Bissau,GNB,1990,28120
Guinea-Bissau,GNB,2000,28120
Guinea-Bissau,GNB,2011,28120
Guinea-Bissau,GNB,2012,28120
Guinea-Bissau,GNB,2013,28120
Guinea-Bissau,GNB,2014,28120
Guinea-Bissau,GNB,2015,28120
Guinea-Bissau,GNB,2016,28120
Guinea-Bissau,GNB,2017,28120
Guinea-Bissau,GNB,2018,28120
Guyana,GUY,1990,196850
Guyana,GUY,2000,196850
Guyana,GUY,2011,196850
Guyana,GUY,2012,196850
Guyana,GUY,2013,196850
Guyana,GUY,2014,196850
Guyana,GUY,2015,196850
Guyana,GUY,2016,196850
Guyana,GUY,2017,196850
Guyana,GUY,2018,196850
Haiti,HTI,1990,27560
Haiti,HTI,2000,27560
Haiti,HTI,2011,27560
Haiti,HTI,2012,27560
Haiti,HTI,2013,27560
Haiti,HTI,2014,27560
Haiti,HTI,2015,27560
Haiti,HTI,2016,27560
Haiti,HTI,2017,27560
Haiti,HTI,2018,27560
Honduras,HND,1990,111890
Honduras,HND,2000,111890
Honduras,HND,2011,111890
Honduras,HND,2012,111890
Honduras,HND,2013,111890
Honduras,HND,2014,111890
Honduras,HND,2015,111890
Honduras,HND,2016,111890
Honduras,HND,2017,111890
Honduras,HND,2018,111890
"Hong Kong SAR, China",HKG,1990,990
"Hong Kong SAR, China",HKG,2000,1050
"Hong Kong SAR, China",HKG,2011,1050
"Hong Kong SAR, China",HKG,2012,1050
"Hong Kong SAR, China",HKG,2013,1050
"Hong Kong SAR, China",HKG,2014,1050
"Hong Kong SAR, China",HKG,2015,1050
"Hong Kong SAR, China",HKG,2016,1050
"Hong Kong SAR, China",HKG,2017,1050
"Hong Kong SAR, China",HKG,2018,1050
Hungary,HUN,1990,89870
Hungary,HUN,2000,89620
Hungary,HUN,2011,90530
Hungary,HUN,2012,90530
Hungary,HUN,2013,90530
Hungary,HUN,2014,91260
Hungary,HUN,2015,91260
Hungary,HUN,2016,91260
Hungary,HUN,2017,91260
Hungary,HUN,2018,91260
Iceland,ISL,1990,100250
Iceland,ISL,2000,100250
Iceland,ISL,2011,100250
Iceland,ISL,2012,100250
Iceland,ISL,2013,100250
Iceland,ISL,2014,100250
Iceland,ISL,2015,100250
Iceland,ISL,2016,100250
Iceland,ISL,2017,100250
Iceland,ISL,2018,100830
India,IND,1990,2973190
India,IND,2000,2973190
India,IND,2011,2973190
India,IND,2012,2973190
India,IND,2013,2973190
India,IND,2014,2973190
India,IND,2015,2973190
India,IND,2016,2973190
India,IND,2017,2973190
India,IND,2018,2973190
Indonesia,IDN,1990,1811570
Indonesia,IDN,2000,1811570
Indonesia,IDN,2011,1811570
Indonesia,IDN,2012,1811570
Indonesia,IDN,2013,1811570
Indonesia,IDN,2014,1811570
Indonesia,IDN,2015,1811570
Indonesia,IDN,2016,1877519
Indonesia,IDN,2017,1877519
Indonesia,IDN,2018,1877519
"Iran, Islamic Rep.",IRN,1990,1628760
"Iran, Islamic Rep.",IRN,2000,1628760
"Iran, Islamic Rep.",IRN,2011,1628760
"Iran, Islamic Rep.",IRN,2012,1628760
"Iran, Islamic Rep.",IRN,2013,1628760
"Iran, Islamic Rep.",IRN,2014,1628760
"Iran, Islamic Rep.",IRN,2015,1628760
"Iran, Islamic Rep.",IRN,2016,1628760
"Iran, Islamic Rep.",IRN,2017,1628760
"Iran, Islamic Rep.",IRN,2018,1628760
Iraq,IRQ,1990,437370
Iraq,IRQ,2000,437370
Iraq,IRQ,2011,434320
Iraq,IRQ,2012,434320
Iraq,IRQ,2013,434128
Iraq,IRQ,2014,434128
Iraq,IRQ,2015,434128
Iraq,IRQ,2016,434128
Iraq,IRQ,2017,434128
Iraq,IRQ,2018,434128
Ireland,IRL,1990,68890
Ireland,IRL,2000,68890
Ireland,IRL,2011,68890
Ireland,IRL,2012,68890
Ireland,IRL,2013,68890
Ireland,IRL,2014,68890
Ireland,IRL,2015,68890
Ireland,IRL,2016,68890
Ireland,IRL,2017,68890
Ireland,IRL,2018,68890
Isle of Man,IMN,1990,570
Isle of Man,IMN,2000,570
Isle of Man,IMN,2011,570
Isle of Man,IMN,2012,570
Isle of Man,IMN,2013,570
Isle of Man,IMN,2014,570
Isle of Man,IMN,2015,570
Isle of Man,IMN,2016,570
Isle of Man,IMN,2017,570
Isle of Man,IMN,2018,570
Israel,ISR,1990,21640
Israel,ISR,2000,21640
Israel,ISR,2011,21640
Israel,ISR,2012,21640
Israel,ISR,2013,21640
Israel,ISR,2014,21640
Israel,ISR,2015,21640
Israel,ISR,2016,21640
Israel,ISR,2017,21640
Israel,ISR,2018,21640
Italy,ITA,1990,294110
Italy,ITA,2000,294110
Italy,ITA,2011,294140
Italy,ITA,2012,294140
Italy,ITA,2013,294140
Italy,ITA,2014,294140
Italy,ITA,2015,294140
Italy,ITA,2016,294140
Italy,ITA,2017,294140
Italy,ITA,2018,297730
Jamaica,JAM,1990,10830
Jamaica,JAM,2000,10830
Jamaica,JAM,2011,10830
Jamaica,JAM,2012,10830
Jamaica,JAM,2013,10830
Jamaica,JAM,2014,10830
Jamaica,JAM,2015,10830
Jamaica,JAM,2016,10830
Jamaica,JAM,2017,10830
Jamaica,JAM,2018,10830
Japan,JPN,1990,364600
Japan,JPN,2000,364500
Japan,JPN,2011,364500
Japan,JPN,2012,364500
Japan,JPN,2013,364500
Japan,JPN,2014,364500
Japan,JPN,2015,364500
Japan,JPN,2016,364500
Japan,JPN,2017,364500
Japan,JPN,2018,364500
Jordan,JOR,1990,88240
Jordan,JOR,2000,88240
Jordan,JOR,2011,88780
Jordan,JOR,2012,88780
Jordan,JOR,2013,88780
Jordan,JOR,2014,88780
Jordan,JOR,2015,88780
Jordan,JOR,2016,88780
Jordan,JOR,2017,88780
Jordan,JOR,2018,88780
Kazakhstan,KAZ,1990,2699700
Kazakhstan,KAZ,2000,2699700
Kazakhstan,KAZ,2011,2699700
Kazakhstan,KAZ,2012,2699700
Kazakhstan,KAZ,2013,2699700
Kazakhstan,KAZ,2014,2699700
Kazakhstan,KAZ,2015,2699700
Kazakhstan,KAZ,2016,2699700
Kazakhstan,KAZ,2017,2699700
Kazakhstan,KAZ,2018,2699700
Kenya,KEN,1990,569140
Kenya,KEN,2000,569140
Kenya,KEN,2011,569140
Kenya,KEN,2012,569140
Kenya,KEN,2013,569140
Kenya,KEN,2014,569140
Kenya,KEN,2015,569140
Kenya,KEN,2016,569140
Kenya,KEN,2017,569140
Kenya,KEN,2018,569140
Kiribati,KIR,1990,810
Kiribati,KIR,2000,810
Kiribati,KIR,2011,810
Kiribati,KIR,2012,810
Kiribati,KIR,2013,810
Kiribati,KIR,2014,810
Kiribati,KIR,2015,810
Kiribati,KIR,2016,810
Kiribati,KIR,2017,810
Kiribati,KIR,2018,810
"Korea, Dem. People's Rep.",PRK,1990,120410
"Korea, Dem. People's Rep.",PRK,2000,120410
"Korea, Dem. People's Rep.",PRK,2011,120410
"Korea, Dem. People's Rep.",PRK,2012,120410
"Korea, Dem. People's Rep.",PRK,2013,120410
"Korea, Dem. People's Rep.",PRK,2014,120410
"Korea, Dem. People's Rep.",PRK,2015,120410
"Korea, Dem. People's Rep.",PRK,2016,120410
"Korea, Dem. People's Rep.",PRK,2017,120410
"Korea, Dem. People's Rep.",PRK,2018,120410
"Korea, Rep.",KOR,1990,96460
"Korea, Rep.",KOR,2000,96460
"Korea, Rep.",KOR,2011,97190
"Korea, Rep.",KOR,2012,97310
"Korea, Rep.",KOR,2013,97426
"Korea, Rep.",KOR,2014,97430
"Korea, Rep.",KOR,2015,97445
"Korea, Rep.",KOR,2016,97489
"Korea, Rep.",KOR,2017,97510
"Korea, Rep.",KOR,2018,97520
Kosovo,XKX,1990,10887
Kosovo,XKX,2000,10887
Kosovo,XKX,2011,10887
Kosovo,XKX,2012,10887
Kosovo,XKX,2013,10887
Kosovo,XKX,2014,10887
Kosovo,XKX,2015,10887
Kosovo,XKX,2016,10887
Kosovo,XKX,2017,10887
Kosovo,XKX,2018,..
Kuwait,KWT,1990,17820
Kuwait,KWT,2000,17820
Kuwait,KWT,2011,17820
Kuwait,KWT,2012,17820
Kuwait,KWT,2013,17820
Kuwait,KWT,2014,17820
Kuwait,KWT,2015,17820
Kuwait,KWT,2016,17820
Kuwait,KWT,2017,17820
Kuwait,KWT,2018,17820
Kyrgyz Republic,KGZ,1990,191800
Kyrgyz Republic,KGZ,2000,191800
Kyrgyz Republic,KGZ,2011,191800
Kyrgyz Republic,KGZ,2012,191800
Kyrgyz Republic,KGZ,2013,191800
Kyrgyz Republic,KGZ,2014,191800
Kyrgyz Republic,KGZ,2015,191800
Kyrgyz Republic,KGZ,2016,191800
Kyrgyz Republic,KGZ,2017,191800
Kyrgyz Republic,KGZ,2018,191800
Lao PDR,LAO,1990,230800
Lao PDR,LAO,2000,230800
Lao PDR,LAO,2011,230800
Lao PDR,LAO,2012,230800
Lao PDR,LAO,2013,230800
Lao PDR,LAO,2014,230800
Lao PDR,LAO,2015,230800
Lao PDR,LAO,2016,230800
Lao PDR,LAO,2017,230800
Lao PDR,LAO,2018,230800
Latvia,LVA,1990,62196
Latvia,LVA,2000,62196
Latvia,LVA,2011,62200
Latvia,LVA,2012,62180
Latvia,LVA,2013,62190
Latvia,LVA,2014,62140
Latvia,LVA,2015,62130
Latvia,LVA,2016,62120
Latvia,LVA,2017,62110
Latvia,LVA,2018,62090
Lebanon,LBN,1990,10230
Lebanon,LBN,2000,10230
Lebanon,LBN,2011,10230
Lebanon,LBN,2012,10230
Lebanon,LBN,2013,10230
Lebanon,LBN,2014,10230
Lebanon,LBN,2015,10230
Lebanon,LBN,2016,10230
Lebanon,LBN,2017,10230
Lebanon,LBN,2018,10230
Lesotho,LSO,1990,30360
Lesotho,LSO,2000,30360
Lesotho,LSO,2011,30360
Lesotho,LSO,2012,30360
Lesotho,LSO,2013,30360
Lesotho,LSO,2014,30360
Lesotho,LSO,2015,30360
Lesotho,LSO,2016,30360
Lesotho,LSO,2017,30360
Lesotho,LSO,2018,30360
Liberia,LBR,1990,96320
Liberia,LBR,2000,96320
Liberia,LBR,2011,96320
Liberia,LBR,2012,96320
Liberia,LBR,2013,96320
Liberia,LBR,2014,96320
Liberia,LBR,2015,96320
Liberia,LBR,2016,96320
Liberia,LBR,2017,96320
Liberia,LBR,2018,96320
Libya,LBY,1990,1759540
Libya,LBY,2000,1759540
Libya,LBY,2011,1759540
Libya,LBY,2012,1759540
Libya,LBY,2013,1759540
Libya,LBY,2014,1759540
Libya,LBY,2015,1759540
Libya,LBY,2016,1759540
Libya,LBY,2017,1759540
Libya,LBY,2018,1759540
Liechtenstein,LIE,1990,160
Liechtenstein,LIE,2000,160
Liechtenstein,LIE,2011,160
Liechtenstein,LIE,2012,160
Liechtenstein,LIE,2013,160
Liechtenstein,LIE,2014,160
Liechtenstein,LIE,2015,160
Liechtenstein,LIE,2016,160
Liechtenstein,LIE,2017,160
Liechtenstein,LIE,2018,160
Lithuania,LTU,1990,62680
Lithuania,LTU,2000,62680
Lithuania,LTU,2011,62674
Lithuania,LTU,2012,62674
Lithuania,LTU,2013,62675
Lithuania,LTU,2014,62650
Lithuania,LTU,2015,62650
Lithuania,LTU,2016,62642
Lithuania,LTU,2017,62641
Lithuania,LTU,2018,62630
Luxembourg,LUX,1990,..
Luxembourg,LUX,2000,2430
Luxembourg,LUX,2011,2430
Luxembourg,LUX,2012,2430
Luxembourg,LUX,2013,2430
Luxembourg,LUX,2014,2430
Luxembourg,LUX,2015,2430
Luxembourg,LUX,2016,2430
Luxembourg,LUX,2017,2430
Luxembourg,LUX,2018,2430
"Macao SAR, China",MAC,1990,20
"Macao SAR, China",MAC,2000,20
"Macao SAR, China",MAC,2011,29.9
"Macao SAR, China",MAC,2012,29.9
"Macao SAR, China",MAC,2013,30.3
"Macao SAR, China",MAC,2014,30.3
"Macao SAR, China",MAC,2015,30.4
"Macao SAR, China",MAC,2016,30.5
"Macao SAR, China",MAC,2017,30.8
"Macao SAR, China",MAC,2018,32.9
Madagascar,MDG,1990,581540
Madagascar,MDG,2000,581540
Madagascar,MDG,2011,581795
Madagascar,MDG,2012,581795
Madagascar,MDG,2013,581800
Madagascar,MDG,2014,581800
Madagascar,MDG,2015,581800
Madagascar,MDG,2016,581800
Madagascar,MDG,2017,581800
Madagascar,MDG,2018,581800
Malawi,MWI,1990,94280
Malawi,MWI,2000,94280
Malawi,MWI,2011,94280
Malawi,MWI,2012,94280
Malawi,MWI,2013,94280
Malawi,MWI,2014,94280
Malawi,MWI,2015,94280
Malawi,MWI,2016,94280
Malawi,MWI,2017,94280
Malawi,MWI,2018,94280
Malaysia,MYS,1990,328550
Malaysia,MYS,2000,328550
Malaysia,MYS,2011,328550
Malaysia,MYS,2012,328550
Malaysia,MYS,2013,328550
Malaysia,MYS,2014,328550
Malaysia,MYS,2015,328550
Malaysia,MYS,2016,328550
Malaysia,MYS,2017,328550
Malaysia,MYS,2018,328550
Maldives,MDV,1990,300
Maldives,MDV,2000,300
Maldives,MDV,2011,300
Maldives,MDV,2012,300
Maldives,MDV,2013,300
Maldives,MDV,2014,300
Maldives,MDV,2015,300
Maldives,MDV,2016,300
Maldives,MDV,2017,300
Maldives,MDV,2018,300
Mali,MLI,1990,1220190
Mali,MLI,2000,1220190
Mali,MLI,2011,1220190
Mali,MLI,2012,1220190
Mali,MLI,2013,1220190
Mali,MLI,2014,1220190
Mali,MLI,2015,1220190
Mali,MLI,2016,1220190
Mali,MLI,2017,1220190
Mali,MLI,2018,1220190
Malta,MLT,1990,320
Malta,MLT,2000,320
Malta,MLT,2011,320
Malta,MLT,2012,320
Malta,MLT,2013,320
Malta,MLT,2014,320
Malta,MLT,2015,320
Malta,MLT,2016,320
Malta,MLT,2017,320
Malta,MLT,2018,320
Marshall Islands,MHL,1990,..
Marshall Islands,MHL,2000,180
Marshall Islands,MHL,2011,180
Marshall Islands,MHL,2012,180
Marshall Islands,MHL,2013,180
Marshall Islands,MHL,2014,180
Marshall Islands,MHL,2015,180
Marshall Islands,MHL,2016,180
Marshall Islands,MHL,2017,180
Marshall Islands,MHL,2018,180
Mauritania,MRT,1990,1030700
Mauritania,MRT,2000,1030700
Mauritania,MRT,2011,1030700
Mauritania,MRT,2012,1030700
Mauritania,MRT,2013,1030700
Mauritania,MRT,2014,1030700
Mauritania,MRT,2015,1030700
Mauritania,MRT,2016,1030700
Mauritania,MRT,2017,1030700
Mauritania,MRT,2018,1030700
Mauritius,MUS,1990,2030
Mauritius,MUS,2000,2030
Mauritius,MUS,2011,2030
Mauritius,MUS,2012,2030
Mauritius,MUS,2013,2030
Mauritius,MUS,2014,2030
Mauritius,MUS,2015,2030
Mauritius,MUS,2016,2030
Mauritius,MUS,2017,2030
Mauritius,MUS,2018,2030
Mexico,MEX,1990,1943950
Mexico,MEX,2000,1943950
Mexico,MEX,2011,1943950
Mexico,MEX,2012,1943950
Mexico,MEX,2013,1943950
Mexico,MEX,2014,1943950
Mexico,MEX,2015,1943950
Mexico,MEX,2016,1943950
Mexico,MEX,2017,1943950
Mexico,MEX,2018,1943950
"Micronesia, Fed. Sts.",FSM,1990,..
"Micronesia, Fed. Sts.",FSM,2000,700
"Micronesia, Fed. Sts.",FSM,2011,700
"Micronesia, Fed. Sts.",FSM,2012,700
"Micronesia, Fed. Sts.",FSM,2013,700
"Micronesia, Fed. Sts.",FSM,2014,700
"Micronesia, Fed. Sts.",FSM,2015,700
"Micronesia, Fed. Sts.",FSM,2016,700
"Micronesia, Fed. Sts.",FSM,2017,700
"Micronesia, Fed. Sts.",FSM,2018,700
Moldova,MDA,1990,32870
Moldova,MDA,2000,32880
Moldova,MDA,2011,32850
Moldova,MDA,2012,32860
Moldova,MDA,2013,32880
Moldova,MDA,2014,32880
Moldova,MDA,2015,32880
Moldova,MDA,2016,32880
Moldova,MDA,2017,32890
Moldova,MDA,2018,32885.3
Monaco,MCO,1990,2.027
Monaco,MCO,2000,2.027
Monaco,MCO,2011,2.027
Monaco,MCO,2012,2.027
Monaco,MCO,2013,2.027
Monaco,MCO,2014,2.027
Monaco,MCO,2015,2.027
Monaco,MCO,2016,2.027
Monaco,MCO,2017,2.027
Monaco,MCO,2018,2.027
Mongolia,MNG,1990,1553560
Mongolia,MNG,2000,1553560
Mongolia,MNG,2011,1553560
Mongolia,MNG,2012,1553560
Mongolia,MNG,2013,1553560
Mongolia,MNG,2014,1553560
Mongolia,MNG,2015,1557255.4
Mongolia,MNG,2016,1557255.4
Mongolia,MNG,2017,1557255.4
Mongolia,MNG,2018,1557255
Montenegro,MNE,1990,13450
Montenegro,MNE,2000,13450
Montenegro,MNE,2011,13450
Montenegro,MNE,2012,13450
Montenegro,MNE,2013,13450
Montenegro,MNE,2014,13450
Montenegro,MNE,2015,13450
Montenegro,MNE,2016,13450
Montenegro,MNE,2017,13450
Montenegro,MNE,2018,13450
Morocco,MAR,1990,446300
Morocco,MAR,2000,446300
Morocco,MAR,2011,446300
Morocco,MAR,2012,446300
Morocco,MAR,2013,446300
Morocco,MAR,2014,446300
Morocco,MAR,2015,446300
Morocco,MAR,2016,446300
Morocco,MAR,2017,446300
Morocco,MAR,2018,446300
Mozambique,MOZ,1990,786380
Mozambique,MOZ,2000,786380
Mozambique,MOZ,2011,786380
Mozambique,MOZ,2012,786380
Mozambique,MOZ,2013,786380
Mozambique,MOZ,2014,786380
Mozambique,MOZ,2015,786380
Mozambique,MOZ,2016,786380
Mozambique,MOZ,2017,786380
Mozambique,MOZ,2018,786380
Myanmar,MMR,1990,653540
Myanmar,MMR,2000,653540
Myanmar,MMR,2011,653290
Myanmar,MMR,2012,653150
Myanmar,MMR,2013,653080
Myanmar,MMR,2014,653080
Myanmar,MMR,2015,653080
Myanmar,MMR,2016,653080
Myanmar,MMR,2017,652790
Myanmar,MMR,2018,652790
Namibia,NAM,1990,823290
Namibia,NAM,2000,823290
Namibia,NAM,2011,823290
Namibia,NAM,2012,823290
Namibia,NAM,2013,823290
Namibia,NAM,2014,823290
Namibia,NAM,2015,823290
Namibia,NAM,2016,823290
Namibia,NAM,2017,823290
Namibia,NAM,2018,823290
Nauru,NRU,1990,20
Nauru,NRU,2000,20
Nauru,NRU,2011,20
Nauru,NRU,2012,20
Nauru,NRU,2013,20
Nauru,NRU,2014,20
Nauru,NRU,2015,20
Nauru,NRU,2016,20
Nauru,NRU,2017,20
Nauru,NRU,2018,20
Nepal,NPL,1990,143000
Nepal,NPL,2000,143350
Nepal,NPL,2011,143350
Nepal,NPL,2012,143350
Nepal,NPL,2013,143350
Nepal,NPL,2014,143350
Nepal,NPL,2015,143350
Nepal,NPL,2016,143350
Nepal,NPL,2017,143350
Nepal,NPL,2018,143350
Netherlands,NLD,1990,33760
Netherlands,NLD,2000,33760
Netherlands,NLD,2011,33720
Netherlands,NLD,2012,33720
Netherlands,NLD,2013,33690
Netherlands,NLD,2014,33690
Netherlands,NLD,2015,33670
Netherlands,NLD,2016,33670
Netherlands,NLD,2017,33670
Netherlands,NLD,2018,33670
New Caledonia,NCL,1990,18280
New Caledonia,NCL,2000,18280
New Caledonia,NCL,2011,18280
New Caledonia,NCL,2012,18280
New Caledonia,NCL,2013,18280
New Caledonia,NCL,2014,18280
New Caledonia,NCL,2015,18280
New Caledonia,NCL,2016,18280
New Caledonia,NCL,2017,18280
New Caledonia,NCL,2018,18280
New Zealand,NZL,1990,263310
New Zealand,NZL,2000,263310
New Zealand,NZL,2011,263310
New Zealand,NZL,2012,263310
New Zealand,NZL,2013,263310
New Zealand,NZL,2014,263310
New Zealand,NZL,2015,263310
New Zealand,NZL,2016,263310
New Zealand,NZL,2017,263310
New Zealand,NZL,2018,263310
Nicaragua,NIC,1990,120340
Nicaragua,NIC,2000,120340
Nicaragua,NIC,2011,120340
Nicaragua,NIC,2012,120340
Nicaragua,NIC,2013,120340
Nicaragua,NIC,2014,120340
Nicaragua,NIC,2015,120340
Nicaragua,NIC,2016,120340
Nicaragua,NIC,2017,120340
Nicaragua,NIC,2018,120340
Niger,NER,1990,1266700
Niger,NER,2000,1266700
Niger,NER,2011,1266700
Niger,NER,2012,1266700
Niger,NER,2013,1266700
Niger,NER,2014,1266700
Niger,NER,2015,1266700
Niger,NER,2016,1266700
Niger,NER,2017,1266700
Niger,NER,2018,1266700
Nigeria,NGA,1990,910770
Nigeria,NGA,2000,910770
Nigeria,NGA,2011,910770
Nigeria,NGA,2012,910770
Nigeria,NGA,2013,910770
Nigeria,NGA,2014,910770
Nigeria,NGA,2015,910770
Nigeria,NGA,2016,910770
Nigeria,NGA,2017,910770
Nigeria,NGA,2018,910770
North Macedonia,MKD,1990,25430
North Macedonia,MKD,2000,25430
North Macedonia,MKD,2011,25220
North Macedonia,MKD,2012,25220
North Macedonia,MKD,2013,25220
North Macedonia,MKD,2014,25220
North Macedonia,MKD,2015,25220
North Macedonia,MKD,2016,25220
North Macedonia,MKD,2017,25220
North Macedonia,MKD,2018,25220
Northern Mariana Islands,MNP,1990,..
Northern Mariana Islands,MNP,2000,460
Northern Mariana Islands,MNP,2011,460
Northern Mariana Islands,MNP,2012,460
Northern Mariana Islands,MNP,2013,460
Northern Mariana Islands,MNP,2014,460
Northern Mariana Islands,MNP,2015,460
Northern Mariana Islands,MNP,2016,460
Northern Mariana Islands,MNP,2017,460
Northern Mariana Islands,MNP,2018,460
Norway,NOR,1990,365244
Norway,NOR,2000,365244
Norway,NOR,2011,365244
Norway,NOR,2012,365244
Norway,NOR,2013,365122.96
Norway,NOR,2014,365108
Norway,NOR,2015,365190.7
Norway,NOR,2016,365145.73
Norway,NOR,2017,365122.96
Norway,NOR,2018,365107.85
Oman,OMN,1990,309500
Oman,OMN,2000,309500
Oman,OMN,2011,309500
Oman,OMN,2012,309500
Oman,OMN,2013,309500
Oman,OMN,2014,309500
Oman,OMN,2015,309500
Oman,OMN,2016,309500
Oman,OMN,2017,309500
Oman,OMN,2018,309500
Pakistan,PAK,1990,770880
Pakistan,PAK,2000,770880
Pakistan,PAK,2011,770880
Pakistan,PAK,2012,770880
Pakistan,PAK,2013,770880
Pakistan,PAK,2014,770880
Pakistan,PAK,2015,770880
Pakistan,PAK,2016,770880
Pakistan,PAK,2017,770880
Pakistan,PAK,2018,770880
Palau,PLW,1990,..
Palau,PLW,2000,460
Palau,PLW,2011,460
Palau,PLW,2012,460
Palau,PLW,2013,460
Palau,PLW,2014,460
Palau,PLW,2015,460
Palau,PLW,2016,460
Palau,PLW,2017,460
Palau,PLW,2018,460
Panama,PAN,1990,74340
Panama,PAN,2000,74340
Panama,PAN,2011,74340
Panama,PAN,2012,74340
Panama,PAN,2013,74340
Panama,PAN,2014,74120
Panama,PAN,2015,74120
Panama,PAN,2016,74120
Panama,PAN,2017,74120
Panama,PAN,2018,74177
Papua New Guinea,PNG,1990,452860
Papua New Guinea,PNG,2000,452860
Papua New Guinea,PNG,2011,452860
Papua New Guinea,PNG,2012,452860
Papua New Guinea,PNG,2013,452860
Papua New Guinea,PNG,2014,452860
Papua New Guinea,PNG,2015,452860
Papua New Guinea,PNG,2016,452860
Papua New Guinea,PNG,2017,452860
Papua New Guinea,PNG,2018,452860
Paraguay,PRY,1990,397300
Paraguay,PRY,2000,397300
Paraguay,PRY,2011,397300
Paraguay,PRY,2012,397300
Paraguay,PRY,2013,397300
Paraguay,PRY,2014,397300
Paraguay,PRY,2015,397300
Paraguay,PRY,2016,397300
Paraguay,PRY,2017,397300
Paraguay,PRY,2018,397300
Peru,PER,1990,1280000
Peru,PER,2000,1280000
Peru,PER,2011,1280000
Peru,PER,2012,1280000
Peru,PER,2013,1280000
Peru,PER,2014,1280000
Peru,PER,2015,1280000
Peru,PER,2016,1280000
Peru,PER,2017,1280000
Peru,PER,2018,1280000
Philippines,PHL,1990,298170
Philippines,PHL,2000,298170
Philippines,PHL,2011,298170
Philippines,PHL,2012,298170
Philippines,PHL,2013,298170
Philippines,PHL,2014,298170
Philippines,PHL,2015,298170
Philippines,PHL,2016,298170
Philippines,PHL,2017,298170
Philippines,PHL,2018,298170
Poland,POL,1990,306290
Poland,POL,2000,306290
Poland,POL,2011,306230
Poland,POL,2012,306220
Poland,POL,2013,306210
Poland,POL,2014,306190
Poland,POL,2015,306190
Poland,POL,2016,306190
Poland,POL,2017,306190
Poland,POL,2018,306170
Portugal,PRT,1990,91500
Portugal,PRT,2000,91500
Portugal,PRT,2011,91590
Portugal,PRT,2012,91590
Portugal,PRT,2013,91605.2
Portugal,PRT,2014,91605.6
Portugal,PRT,2015,91605.6
Portugal,PRT,2016,91605.6
Portugal,PRT,2017,91605.6
Portugal,PRT,2018,91605.6
Puerto Rico,PRI,1990,8870
Puerto Rico,PRI,2000,8870
Puerto Rico,PRI,2011,8870
Puerto Rico,PRI,2012,8870
Puerto Rico,PRI,2013,8870
Puerto Rico,PRI,2014,8870
Puerto Rico,PRI,2015,8870
Puerto Rico,PRI,2016,8870
Puerto Rico,PRI,2017,8870
Puerto Rico,PRI,2018,8870
Qatar,QAT,1990,11610
Qatar,QAT,2000,11610
Qatar,QAT,2011,11610
Qatar,QAT,2012,11610
Qatar,QAT,2013,11610
Qatar,QAT,2014,11490
Qatar,QAT,2015,11490
Qatar,QAT,2016,11490
Qatar,QAT,2017,11490
Qatar,QAT,2018,11490
Romania,ROU,1990,229350
Romania,ROU,2000,229710
Romania,ROU,2011,230170
Romania,ROU,2012,230020
Romania,ROU,2013,230030
Romania,ROU,2014,230080
Romania,ROU,2015,230080
Romania,ROU,2016,230080
Romania,ROU,2017,230080
Romania,ROU,2018,230080
Russian Federation,RUS,1990,16389950
Russian Federation,RUS,2000,16381340
Russian Federation,RUS,2011,16376870
Russian Federation,RUS,2012,16376870
Russian Federation,RUS,2013,16376870
Russian Federation,RUS,2014,16376870
Russian Federation,RUS,2015,16376870
Russian Federation,RUS,2016,16376870
Russian Federation,RUS,2017,16376870
Russian Federation,RUS,2018,16376870
Rwanda,RWA,1990,24670
Rwanda,RWA,2000,24670
Rwanda,RWA,2011,24670
Rwanda,RWA,2012,24670
Rwanda,RWA,2013,24670
Rwanda,RWA,2014,24670
Rwanda,RWA,2015,24670
Rwanda,RWA,2016,24670
Rwanda,RWA,2017,24670
Rwanda,RWA,2018,24670
Samoa,WSM,1990,2830
Samoa,WSM,2000,2830
Samoa,WSM,2011,2830
Samoa,WSM,2012,2830
Samoa,WSM,2013,2830
Samoa,WSM,2014,2830
Samoa,WSM,2015,2830
Samoa,WSM,2016,2830
Samoa,WSM,2017,2830
Samoa,WSM,2018,2830
San Marino,SMR,1990,60
San Marino,SMR,2000,60
San Marino,SMR,2011,60
San Marino,SMR,2012,60
San Marino,SMR,2013,60
San Marino,SMR,2014,60
San Marino,SMR,2015,60
San Marino,SMR,2016,60
San Marino,SMR,2017,60
San Marino,SMR,2018,60
Sao Tome and Principe,STP,1990,960
Sao Tome and Principe,STP,2000,960
Sao Tome and Principe,STP,2011,960
Sao Tome and Principe,STP,2012,960
Sao Tome and Principe,STP,2013,960
Sao Tome and Principe,STP,2014,960
Sao Tome and Principe,STP,2015,960
Sao Tome and Principe,STP,2016,960
Sao Tome and Principe,STP,2017,960
Sao Tome and Principe,STP,2018,960
Saudi Arabia,SAU,1990,2149690
Saudi Arabia,SAU,2000,2149690
Saudi Arabia,SAU,2011,2149690
Saudi Arabia,SAU,2012,2149690
Saudi Arabia,SAU,2013,2149690
Saudi Arabia,SAU,2014,2149690
Saudi Arabia,SAU,2015,2149690
Saudi Arabia,SAU,2016,2149690
Saudi Arabia,SAU,2017,2149690
Saudi Arabia,SAU,2018,2149690
Senegal,SEN,1990,192530
Senegal,SEN,2000,192530
Senegal,SEN,2011,192530
Senegal,SEN,2012,192530
Senegal,SEN,2013,192530
Senegal,SEN,2014,192530
Senegal,SEN,2015,192530
Senegal,SEN,2016,192530
Senegal,SEN,2017,192530
Senegal,SEN,2018,192530
Serbia,SRB,1990,87460
Serbia,SRB,2000,87460
Serbia,SRB,2011,87460
Serbia,SRB,2012,87460
Serbia,SRB,2013,87460
Serbia,SRB,2014,87460
Serbia,SRB,2015,87460
Serbia,SRB,2016,87460
Serbia,SRB,2017,87460
Serbia,SRB,2018,87460
Seychelles,SYC,1990,460
Seychelles,SYC,2000,460
Seychelles,SYC,2011,460
Seychelles,SYC,2012,460
Seychelles,SYC,2013,460
Seychelles,SYC,2014,460
Seychelles,SYC,2015,460
Seychelles,SYC,2016,460
Seychelles,SYC,2017,460
Seychelles,SYC,2018,460
Sierra Leone,SLE,1990,72180
Sierra Leone,SLE,2000,72180
Sierra Leone,SLE,2011,72180
Sierra Leone,SLE,2012,72180
Sierra Leone,SLE,2013,72180
Sierra Leone,SLE,2014,72180
Sierra Leone,SLE,2015,72180
Sierra Leone,SLE,2016,72180
Sierra Leone,SLE,2017,72180
Sierra Leone,SLE,2018,72180
Singapore,SGP,1990,670
Singapore,SGP,2000,670
Singapore,SGP,2011,704
Singapore,SGP,2012,706
Singapore,SGP,2013,707
Singapore,SGP,2014,709
Singapore,SGP,2015,709
Singapore,SGP,2016,709
Singapore,SGP,2017,709
Singapore,SGP,2018,709
Sint Maarten (Dutch part),SXM,1990,34
Sint Maarten (Dutch part),SXM,2000,34
Sint Maarten (Dutch part),SXM,2011,34
Sint Maarten (Dutch part),SXM,2012,34
Sint Maarten (Dutch part),SXM,2013,34
Sint Maarten (Dutch part),SXM,2014,34
Sint Maarten (Dutch part),SXM,2015,34
Sint Maarten (Dutch part),SXM,2016,34
Sint Maarten (Dutch part),SXM,2017,34
Sint Maarten (Dutch part),SXM,2018,34
Slovak Republic,SVK,1990,48100
Slovak Republic,SVK,2000,48100
Slovak Republic,SVK,2011,48088
Slovak Republic,SVK,2012,48088
Slovak Republic,SVK,2013,48088
Slovak Republic,SVK,2014,48080
Slovak Republic,SVK,2015,48082
Slovak Republic,SVK,2016,48080
Slovak Republic,SVK,2017,48080
Slovak Republic,SVK,2018,48080
Slovenia,SVN,1990,20140
Slovenia,SVN,2000,20140
Slovenia,SVN,2011,20146
Slovenia,SVN,2012,20145.7
Slovenia,SVN,2013,20140
Slovenia,SVN,2014,20140
Slovenia,SVN,2015,20142.6
Slovenia,SVN,2016,20142
Slovenia,SVN,2017,20138.1
Slovenia,SVN,2018,20136.4
Solomon Islands,SLB,1990,27990
Solomon Islands,SLB,2000,27990
Solomon Islands,SLB,2011,27990
Solomon Islands,SLB,2012,27990
Solomon Islands,SLB,2013,27990
Solomon Islands,SLB,2014,27990
Solomon Islands,SLB,2015,27990
Solomon Islands,SLB,2016,27990
Solomon Islands,SLB,2017,27990
Solomon Islands,SLB,2018,27990
Somalia,SOM,1990,627340
Somalia,SOM,2000,627340
Somalia,SOM,2011,627340
Somalia,SOM,2012,627340
Somalia,SOM,2013,627340
Somalia,SOM,2014,627340
Somalia,SOM,2015,627340
Somalia,SOM,2016,627340
Somalia,SOM,2017,627340
Somalia,SOM,2018,627340
South Africa,ZAF,1990,1213090
South Africa,ZAF,2000,1213090
South Africa,ZAF,2011,1213090
South Africa,ZAF,2012,1213090
South Africa,ZAF,2013,1213090
South Africa,ZAF,2014,1213090
South Africa,ZAF,2015,1213090
South Africa,ZAF,2016,1213090
South Africa,ZAF,2017,1213090
South Africa,ZAF,2018,1213090
South Sudan,SSD,1990,..
South Sudan,SSD,2000,..
South Sudan,SSD,2011,631978.41
South Sudan,SSD,2012,631973.704
South Sudan,SSD,2013,631972.755
South Sudan,SSD,2014,631957.217
South Sudan,SSD,2015,631957.218
South Sudan,SSD,2016,631945.102
South Sudan,SSD,2017,631944.08
South Sudan,SSD,2018,631928.123
Spain,ESP,1990,499440
Spain,ESP,2000,499000
Spain,ESP,2011,499880
Spain,ESP,2012,500210
Spain,ESP,2013,500210
Spain,ESP,2014,500210
Spain,ESP,2015,499661
Spain,ESP,2016,499564
Spain,ESP,2017,499547.35
Spain,ESP,2018,499603.479
Sri Lanka,LKA,1990,62710
Sri Lanka,LKA,2000,62710
Sri Lanka,LKA,2011,62710
Sri Lanka,LKA,2012,62710
Sri Lanka,LKA,2013,62710
Sri Lanka,LKA,2014,62710
Sri Lanka,LKA,2015,61893
Sri Lanka,LKA,2016,61893
Sri Lanka,LKA,2017,61893
Sri Lanka,LKA,2018,61864
St. Kitts and Nevis,KNA,1990,260
St. Kitts and Nevis,KNA,2000,260
St. Kitts and Nevis,KNA,2011,260
St. Kitts and Nevis,KNA,2012,260
St. Kitts and Nevis,KNA,2013,260
St. Kitts and Nevis,KNA,2014,260
St. Kitts and Nevis,KNA,2015,260
St. Kitts and Nevis,KNA,2016,260
St. Kitts and Nevis,KNA,2017,260
St. Kitts and Nevis,KNA,2018,260
St. Lucia,LCA,1990,610
St. Lucia,LCA,2000,610
St. Lucia,LCA,2011,610
St. Lucia,LCA,2012,610
St. Lucia,LCA,2013,610
St. Lucia,LCA,2014,610
St. Lucia,LCA,2015,610
St. Lucia,LCA,2016,610
St. Lucia,LCA,2017,610
St. Lucia,LCA,2018,610
St. Martin (French part),MAF,1990,54.4
St. Martin (French part),MAF,2000,54.4
St. Martin (French part),MAF,2011,50
St. Martin (French part),MAF,2012,50
St. Martin (French part),MAF,2013,50
St. Martin (French part),MAF,2014,50
St. Martin (French part),MAF,2015,50
St. Martin (French part),MAF,2016,50
St. Martin (French part),MAF,2017,50
St. Martin (French part),MAF,2018,50
St. Vincent and the Grenadines,VCT,1990,390
St. Vincent and the Grenadines,VCT,2000,390
St. Vincent and the Grenadines,VCT,2011,390
St. Vincent and the Grenadines,VCT,2012,390
St. Vincent and the Grenadines,VCT,2013,390
St. Vincent and the Grenadines,VCT,2014,390
St. Vincent and the Grenadines,VCT,2015,390
St. Vincent and the Grenadines,VCT,2016,390
St. Vincent and the Grenadines,VCT,2017,390
St. Vincent and the Grenadines,VCT,2018,390
Sudan,SDN,1990,..
Sudan,SDN,2000,..
Sudan,SDN,2011,1849374.861
Sudan,SDN,2012,1849379.89
Sudan,SDN,2013,1849378.197
Sudan,SDN,2014,1849349.416
Sudan,SDN,2015,1849351.206
Sudan,SDN,2016,1849240.201
Sudan,SDN,2017,1849238.953
Sudan,SDN,2018,1849233.715
Suriname,SUR,1990,156000
Suriname,SUR,2000,156000
Suriname,SUR,2011,156000
Suriname,SUR,2012,156000
Suriname,SUR,2013,156000
Suriname,SUR,2014,156000
Suriname,SUR,2015,156000
Suriname,SUR,2016,156000
Suriname,SUR,2017,156000
Suriname,SUR,2018,156000
Sweden,SWE,1990,410340
Sweden,SWE,2000,410340
Sweden,SWE,2011,410340
Sweden,SWE,2012,407340
Sweden,SWE,2013,407340
Sweden,SWE,2014,407310
Sweden,SWE,2015,407310
Sweden,SWE,2016,407310
Sweden,SWE,2017,407310
Sweden,SWE,2018,407310
Switzerland,CHE,1990,39529
Switzerland,CHE,2000,39524
Switzerland,CHE,2011,39516
Switzerland,CHE,2012,39516
Switzerland,CHE,2013,39516
Switzerland,CHE,2014,39516
Switzerland,CHE,2015,39516.03
Switzerland,CHE,2016,39516.03
Switzerland,CHE,2017,39516.03
Switzerland,CHE,2018,39516.03
Syrian Arab Republic,SYR,1990,183780
Syrian Arab Republic,SYR,2000,183780
Syrian Arab Republic,SYR,2011,183630
Syrian Arab Republic,SYR,2012,183630
Syrian Arab Republic,SYR,2013,183630
Syrian Arab Republic,SYR,2014,183630
Syrian Arab Republic,SYR,2015,183630
Syrian Arab Republic,SYR,2016,183630
Syrian Arab Republic,SYR,2017,183630
Syrian Arab Republic,SYR,2018,183630
Tajikistan,TJK,1990,139960
Tajikistan,TJK,2000,139960
Tajikistan,TJK,2011,139960
Tajikistan,TJK,2012,139960
Tajikistan,TJK,2013,139960
Tajikistan,TJK,2014,138786
Tajikistan,TJK,2015,138790
Tajikistan,TJK,2016,138790
Tajikistan,TJK,2017,138790
Tajikistan,TJK,2018,138790
Tanzania,TZA,1990,885800
Tanzania,TZA,2000,885800
Tanzania,TZA,2011,885800
Tanzania,TZA,2012,885800
Tanzania,TZA,2013,885800
Tanzania,TZA,2014,885800
Tanzania,TZA,2015,885800
Tanzania,TZA,2016,885800
Tanzania,TZA,2017,885800
Tanzania,TZA,2018,885800
Thailand,THA,1990,510890
Thailand,THA,2000,510890
Thailand,THA,2011,510890
Thailand,THA,2012,510890
Thailand,THA,2013,510890
Thailand,THA,2014,510890
Thailand,THA,2015,510890
Thailand,THA,2016,510890
Thailand,THA,2017,510890
Thailand,THA,2018,510890
Timor-Leste,TLS,1990,14870
Timor-Leste,TLS,2000,14870
Timor-Leste,TLS,2011,14870
Timor-Leste,TLS,2012,14870
Timor-Leste,TLS,2013,14870
Timor-Leste,TLS,2014,14870
Timor-Leste,TLS,2015,14870
Timor-Leste,TLS,2016,14870
Timor-Leste,TLS,2017,14870
Timor-Leste,TLS,2018,14870
Togo,TGO,1990,54390
Togo,TGO,2000,54390
Togo,TGO,2011,54390
Togo,TGO,2012,54390
Togo,TGO,2013,54390
Togo,TGO,2014,54390
Togo,TGO,2015,54390
Togo,TGO,2016,54390
Togo,TGO,2017,54390
Togo,TGO,2018,54390
Tonga,TON,1990,720
Tonga,TON,2000,720
Tonga,TON,2011,720
Tonga,TON,2012,720
Tonga,TON,2013,720
Tonga,TON,2014,720
Tonga,TON,2015,720
Tonga,TON,2016,720
Tonga,TON,2017,720
Tonga,TON,2018,720
Trinidad and Tobago,TTO,1990,5130
Trinidad and Tobago,TTO,2000,5130
Trinidad and Tobago,TTO,2011,5130
Trinidad and Tobago,TTO,2012,5130
Trinidad and Tobago,TTO,2013,5130
Trinidad and Tobago,TTO,2014,5130
Trinidad and Tobago,TTO,2015,5130
Trinidad and Tobago,TTO,2016,5130
Trinidad and Tobago,TTO,2017,5130
Trinidad and Tobago,TTO,2018,5130
Tunisia,TUN,1990,155360
Tunisia,TUN,2000,155360
Tunisia,TUN,2011,155360
Tunisia,TUN,2012,155360
Tunisia,TUN,2013,155360
Tunisia,TUN,2014,155360
Tunisia,TUN,2015,155360
Tunisia,TUN,2016,155360
Tunisia,TUN,2017,155360
Tunisia,TUN,2018,155360
Turkey,TUR,1990,769630
Turkey,TUR,2000,769630
Turkey,TUR,2011,769630
Turkey,TUR,2012,769630
Turkey,TUR,2013,769630
Turkey,TUR,2014,769630
Turkey,TUR,2015,769630
Turkey,TUR,2016,769630
Turkey,TUR,2017,769630
Turkey,TUR,2018,769630
Turkmenistan,TKM,1990,469930
Turkmenistan,TKM,2000,469930
Turkmenistan,TKM,2011,469930
Turkmenistan,TKM,2012,469930
Turkmenistan,TKM,2013,469930
Turkmenistan,TKM,2014,469930
Turkmenistan,TKM,2015,469930
Turkmenistan,TKM,2016,469930
Turkmenistan,TKM,2017,469930
Turkmenistan,TKM,2018,469930
Turks and Caicos Islands,TCA,1990,950
Turks and Caicos Islands,TCA,2000,950
Turks and Caicos Islands,TCA,2011,950
Turks and Caicos Islands,TCA,2012,950
Turks and Caicos Islands,TCA,2013,950
Turks and Caicos Islands,TCA,2014,950
Turks and Caicos Islands,TCA,2015,950
Turks and Caicos Islands,TCA,2016,950
Turks and Caicos Islands,TCA,2017,950
Turks and Caicos Islands,TCA,2018,950
Tuvalu,TUV,1990,30
Tuvalu,TUV,2000,30
Tuvalu,TUV,2011,30
Tuvalu,TUV,2012,30
Tuvalu,TUV,2013,30
Tuvalu,TUV,2014,30
Tuvalu,TUV,2015,30
Tuvalu,TUV,2016,30
Tuvalu,TUV,2017,30
Tuvalu,TUV,2018,30
Uganda,UGA,1990,199810
Uganda,UGA,2000,199810
Uganda,UGA,2011,200520
Uganda,UGA,2012,200520
Uganda,UGA,2013,200520
Uganda,UGA,2014,200520
Uganda,UGA,2015,200520
Uganda,UGA,2016,200520
Uganda,UGA,2017,200520
Uganda,UGA,2018,200520
Ukraine,UKR,1990,579350
Ukraine,UKR,2000,579350
Ukraine,UKR,2011,579320
Ukraine,UKR,2012,579320
Ukraine,UKR,2013,579320
Ukraine,UKR,2014,579290
Ukraine,UKR,2015,579290
Ukraine,UKR,2016,579290
Ukraine,UKR,2017,579300
Ukraine,UKR,2018,579400
United Arab Emirates,ARE,1990,71020
United Arab Emirates,ARE,2000,71020
United Arab Emirates,ARE,2011,71020
United Arab Emirates,ARE,2012,71020
United Arab Emirates,ARE,2013,71020
United Arab Emirates,ARE,2014,71020
United Arab Emirates,ARE,2015,71020
United Arab Emirates,ARE,2016,71020
United Arab Emirates,ARE,2017,71020
United Arab Emirates,ARE,2018,71020
United Kingdom,GBR,1990,241930
United Kingdom,GBR,2000,241930
United Kingdom,GBR,2011,241930
United Kingdom,GBR,2012,241930
United Kingdom,GBR,2013,241930
United Kingdom,GBR,2014,241930
United Kingdom,GBR,2015,241930
United Kingdom,GBR,2016,241930
United Kingdom,GBR,2017,241930
United Kingdom,GBR,2018,241930
United States,USA,1990,9158960
United States,USA,2000,9161920
United States,USA,2011,9147420
United States,USA,2012,9147420
United States,USA,2013,9147420
United States,USA,2014,9147420
United States,USA,2015,9147420
United States,USA,2016,9147420
United States,USA,2017,9147420
United States,USA,2018,9147420
Uruguay,URY,1990,175020
Uruguay,URY,2000,175020
Uruguay,URY,2011,175020
Uruguay,URY,2012,175020
Uruguay,URY,2013,175020
Uruguay,URY,2014,175020
Uruguay,URY,2015,175020
Uruguay,URY,2016,175020
Uruguay,URY,2017,175020
Uruguay,URY,2018,175020
Uzbekistan,UZB,1990,425400
Uzbekistan,UZB,2000,425400
Uzbekistan,UZB,2011,425400
Uzbekistan,UZB,2012,425400
Uzbekistan,UZB,2013,425400
Uzbekistan,UZB,2014,425400
Uzbekistan,UZB,2015,440591
Uzbekistan,UZB,2016,440588
Uzbekistan,UZB,2017,440587
Uzbekistan,UZB,2018,440555
Vanuatu,VUT,1990,12190
Vanuatu,VUT,2000,12190
Vanuatu,VUT,2011,12190
Vanuatu,VUT,2012,12190
Vanuatu,VUT,2013,12190
Vanuatu,VUT,2014,12190
Vanuatu,VUT,2015,12190
Vanuatu,VUT,2016,12190
Vanuatu,VUT,2017,12190
Vanuatu,VUT,2018,12190
"Venezuela, RB",VEN,1990,882050
"Venezuela, RB",VEN,2000,882050
"Venezuela, RB",VEN,2011,882050
"Venezuela, RB",VEN,2012,882050
"Venezuela, RB",VEN,2013,882050
"Venezuela, RB",VEN,2014,882050
"Venezuela, RB",VEN,2015,882050
"Venezuela, RB",VEN,2016,882050
"Venezuela, RB",VEN,2017,882050
"Venezuela, RB",VEN,2018,882050
Vietnam,VNM,1990,325490
Vietnam,VNM,2000,311060
Vietnam,VNM,2011,310070
Vietnam,VNM,2012,310070
Vietnam,VNM,2013,310070
Vietnam,VNM,2014,310070
Vietnam,VNM,2015,310070
Vietnam,VNM,2016,310070
Vietnam,VNM,2017,310070
Vietnam,VNM,2018,310070
Virgin Islands (U.S.),VIR,1990,350
Virgin Islands (U.S.),VIR,2000,350
Virgin Islands (U.S.),VIR,2011,350
Virgin Islands (U.S.),VIR,2012,350
Virgin Islands (U.S.),VIR,2013,350
Virgin Islands (U.S.),VIR,2014,350
Virgin Islands (U.S.),VIR,2015,350
Virgin Islands (U.S.),VIR,2016,350
Virgin Islands (U.S.),VIR,2017,350
Virgin Islands (U.S.),VIR,2018,350
West Bank and Gaza,PSE,1990,6020
West Bank and Gaza,PSE,2000,6020
West Bank and Gaza,PSE,2011,6020
West Bank and Gaza,PSE,2012,6020
West Bank and Gaza,PSE,2013,6020
West Bank and Gaza,PSE,2014,6020
West Bank and Gaza,PSE,2015,6020
West Bank and Gaza,PSE,2016,6020
West Bank and Gaza,PSE,2017,6020
West Bank and Gaza,PSE,2018,6020
"Yemen, Rep.",YEM,1990,527970
"Yemen, Rep.",YEM,2000,527970
"Yemen, Rep.",YEM,2011,527970
"Yemen, Rep.",YEM,2012,527970
"Yemen, Rep.",YEM,2013,527970
"Yemen, Rep.",YEM,2014,527970
"Yemen, Rep.",YEM,2015,527970
"Yemen, Rep.",YEM,2016,527970
"Yemen, Rep.",YEM,2017,527970
"Yemen, Rep.",YEM,2018,527970
Zambia,ZMB,1990,743390
Zambia,ZMB,2000,743390
Zambia,ZMB,2011,743390
Zambia,ZMB,2012,743390
Zambia,ZMB,2013,743390
Zambia,ZMB,2014,743390
Zambia,ZMB,2015,743390
Zambia,ZMB,2016,743390
Zambia,ZMB,2017,743390
Zambia,ZMB,2018,743390
Zimbabwe,ZWE,1990,386850
Zimbabwe,ZWE,2000,386850
Zimbabwe,ZWE,2011,386850
Zimbabwe,ZWE,2012,386850
Zimbabwe,ZWE,2013,386850
Zimbabwe,ZWE,2014,386850
Zimbabwe,ZWE,2015,386850
Zimbabwe,ZWE,2016,386850
Zimbabwe,ZWE,2017,386850
Zimbabwe,ZWE,2018,386850
Arab World,ARB,1990,11235411
Arab World,ARB,2000,11235431
Arab World,ARB,2011,13082202.86
Arab World,ARB,2012,13082210.89
Arab World,ARB,2013,13082017.2
Arab World,ARB,2014,13081869.42
Arab World,ARB,2015,13081879.21
Arab World,ARB,2016,13081769.2
Arab World,ARB,2017,13081768.95
Arab World,ARB,2018,13081763.72
Caribbean small states,CSS,1990,404850
Caribbean small states,CSS,2000,404850
Caribbean small states,CSS,2011,404850
Caribbean small states,CSS,2012,404850
Caribbean small states,CSS,2013,404850
Caribbean small states,CSS,2014,404850
Caribbean small states,CSS,2015,404850
Caribbean small states,CSS,2016,404850
Caribbean small states,CSS,2017,404850
Caribbean small states,CSS,2018,404850
Central Europe and the Baltics,CEB,1990,1104826
Central Europe and the Baltics,CEB,2000,1104936
Central Europe and the Baltics,CEB,2011,1104188
Central Europe and the Baltics,CEB,2012,1103997.7
Central Europe and the Baltics,CEB,2013,1105073
Central Europe and the Baltics,CEB,2014,1106380
Central Europe and the Baltics,CEB,2015,1106364.6
Central Europe and the Baltics,CEB,2016,1106354
Central Europe and the Baltics,CEB,2017,1106329.1
Central Europe and the Baltics,CEB,2018,1106266.4
Early-demographic dividend,EAR,1990,33245913
Early-demographic dividend,EAR,2000,33110580
Early-demographic dividend,EAR,2011,33238302.09
Early-demographic dividend,EAR,2012,33238166.38
Early-demographic dividend,EAR,2013,33238099.38
Early-demographic dividend,EAR,2014,33236719.05
Early-demographic dividend,EAR,2015,33251969.91
Early-demographic dividend,EAR,2016,33317975.04
Early-demographic dividend,EAR,2017,33317661
Early-demographic dividend,EAR,2018,33317702.39
East Asia & Pacific,EAS,1990,24436470
East Asia & Pacific,EAS,2000,24423830
East Asia & Pacific,EAS,2011,24423364.8
East Asia & Pacific,EAS,2012,24423346.8
East Asia & Pacific,EAS,2013,24423394.6
East Asia & Pacific,EAS,2014,24423400.6
East Asia & Pacific,EAS,2015,24427111.2
East Asia & Pacific,EAS,2016,24502823.4
East Asia & Pacific,EAS,2017,24502555
East Asia & Pacific,EAS,2018,24502428.8
East Asia & Pacific (excluding high income),EAP,1990,15964940
East Asia & Pacific (excluding high income),EAP,2000,15951420
East Asia & Pacific (excluding high income),EAP,2011,15950180.9
East Asia & Pacific (excluding high income),EAP,2012,15950040.9
East Asia & Pacific (excluding high income),EAP,2013,15949971.3
East Asia & Pacific (excluding high income),EAP,2014,15949971.3
East Asia & Pacific (excluding high income),EAP,2015,15953666.8
East Asia & Pacific (excluding high income),EAP,2016,16019614.9
East Asia & Pacific (excluding high income),EAP,2017,16019325.2
East Asia & Pacific (excluding high income),EAP,2018,16019326.9
East Asia & Pacific (IDA & IBRD countries),TEA,1990,15844350
East Asia & Pacific (IDA & IBRD countries),TEA,2000,15831290
East Asia & Pacific (IDA & IBRD countries),TEA,2011,15830050.9
East Asia & Pacific (IDA & IBRD countries),TEA,2012,15829910.9
East Asia & Pacific (IDA & IBRD countries),TEA,2013,15829841.3
East Asia & Pacific (IDA & IBRD countries),TEA,2014,15829841.3
East Asia & Pacific (IDA & IBRD countries),TEA,2015,15833536.8
East Asia & Pacific (IDA & IBRD countries),TEA,2016,15899484.9
East Asia & Pacific (IDA & IBRD countries),TEA,2017,15899195.2
East Asia & Pacific (IDA & IBRD countries),TEA,2018,15899196.9
Euro area,EMU,1990,2678352
Euro area,EMU,2000,2677623
Euro area,EMU,2011,2677456
Euro area,EMU,2012,2677738.7
Euro area,EMU,2013,2679126.2
Euro area,EMU,2014,2679055.6
Euro area,EMU,2015,2678458.2
Euro area,EMU,2016,2678840.6
Euro area,EMU,2017,2678829.05
Euro area,EMU,2018,2682452.479
Europe & Central Asia,ECS,1990,27390035.03
Europe & Central Asia,ECS,2000,27448989.03
Europe & Central Asia,ECS,2011,27443457.03
Europe & Central Asia,ECS,2012,27438149.73
Europe & Central Asia,ECS,2013,27439425.19
Europe & Central Asia,ECS,2014,27439564.63
Europe & Central Asia,ECS,2015,27454239.96
Europe & Central Asia,ECS,2016,27454601.39
Europe & Central Asia,ECS,2017,27454570.07
Europe & Central Asia,ECS,2018,27447886.69
Europe & Central Asia (excluding high income),ECA,1990,22409064
Europe & Central Asia (excluding high income),ECA,2000,22399852
Europe & Central Asia (excluding high income),ECA,2011,22393165
Europe & Central Asia (excluding high income),ECA,2012,22393175
Europe & Central Asia (excluding high income),ECA,2013,22393194
Europe & Central Asia (excluding high income),ECA,2014,22392059
Europe & Central Asia (excluding high income),ECA,2015,22407259
Europe & Central Asia (excluding high income),ECA,2016,22407273
Europe & Central Asia (excluding high income),ECA,2017,22407286
Europe & Central Asia (excluding high income),ECA,2018,22396444.3
Europe & Central Asia (IDA & IBRD countries),TEC,1990,23000614
Europe & Central Asia (IDA & IBRD countries),TEC,2000,22991762
Europe & Central Asia (IDA & IBRD countries),TEC,2011,22985525
Europe & Central Asia (IDA & IBRD countries),TEC,2012,22985375
Europe & Central Asia (IDA & IBRD countries),TEC,2013,22985394
Europe & Central Asia (IDA & IBRD countries),TEC,2014,22984919
Europe & Central Asia (IDA & IBRD countries),TEC,2015,23000119
Europe & Central Asia (IDA & IBRD countries),TEC,2016,23000133
Europe & Central Asia (IDA & IBRD countries),TEC,2017,23000146
Europe & Central Asia (IDA & IBRD countries),TEC,2018,22989284.3
European Union,EUU,1990,4000402
European Union,EUU,2000,3999823
European Union,EUU,2011,3998916
European Union,EUU,2012,3993598.7
European Union,EUU,2013,3994976.2
European Union,EUU,2014,3996265.6
European Union,EUU,2015,3995658.2
European Union,EUU,2016,3996050.6
European Union,EUU,2017,3996029.05
European Union,EUU,2018,3999622.479
Fragile and conflict affected situations,FCS,1990,16577538
Fragile and conflict affected situations,FCS,2000,16578418
Fragile and conflict affected situations,FCS,2011,19056321.27
Fragile and conflict affected situations,FCS,2012,19056181.59
Fragile and conflict affected situations,FCS,2013,19055916.95
Fragile and conflict affected situations,FCS,2014,19055872.63
Fragile and conflict affected situations,FCS,2015,19055874.42
Fragile and conflict affected situations,FCS,2016,19055751.3
Fragile and conflict affected situations,FCS,2017,19055459.03
Fragile and conflict affected situations,FCS,2018,19044550.84
Heavily indebted poor countries (HIPC),HPC,1990,17478821
Heavily indebted poor countries (HIPC),HPC,2000,17377821
Heavily indebted poor countries (HIPC),HPC,2011,19357368.95
Heavily indebted poor countries (HIPC),HPC,2012,19357375.27
Heavily indebted poor countries (HIPC),HPC,2013,19357381.58
Heavily indebted poor countries (HIPC),HPC,2014,19357365.46
Heavily indebted poor countries (HIPC),HPC,2015,19357415.12
Heavily indebted poor countries (HIPC),HPC,2016,19357335.24
Heavily indebted poor countries (HIPC),HPC,2017,19357309.95
Heavily indebted poor countries (HIPC),HPC,2018,19357325.11
High income,HIC,1990,35182319.43
High income,HIC,2000,35254345.43
High income,HIC,2011,35241826.93
High income,HIC,2012,35236634.63
High income,HIC,2013,35238008.49
High income,HIC,2014,35238949.93
High income,HIC,2015,35238447.36
High income,HIC,2016,35248559.89
High income,HIC,2017,35248537.87
High income,HIC,2018,35252625.29
IBRD only,IBD,1990,71062979
IBRD only,IBD,2000,71011707
IBRD only,IBD,2011,71001970.9
IBRD only,IBD,2012,71001820.9
IBRD only,IBD,2013,71001648.3
IBRD only,IBD,2014,71002127.3
IBRD only,IBD,2015,71005011.8
IBRD only,IBD,2016,71070976.9
IBRD only,IBD,2017,71070991.2
IBRD only,IBD,2018,71071078.2
IDA & IBRD total,IBT,1990,93547220
IDA & IBRD total,IBT,2000,93389255
IDA & IBRD total,IBT,2011,95988962.26
IDA & IBRD total,IBT,2012,95988673.87
IDA & IBRD total,IBT,2013,95988436.63
IDA & IBRD total,IBT,2014,95987709.98
IDA & IBRD total,IBT,2015,96005839.14
IDA & IBRD total,IBT,2016,96071736.24
IDA & IBRD total,IBT,2017,96071433.23
IDA & IBRD total,IBT,2018,96060596.43
IDA blend,IDB,1990,4369370
IDA blend,IDB,2000,4369370
IDA blend,IDB,2011,4369370
IDA blend,IDB,2012,4369370
IDA blend,IDB,2013,4369370
IDA blend,IDB,2014,4369370
IDA blend,IDB,2015,4384561
IDA blend,IDB,2016,4384558
IDA blend,IDB,2017,4384557
IDA blend,IDB,2018,4384525
IDA only,IDX,1990,18114871
IDA only,IDX,2000,18008178
IDA only,IDX,2011,20617621.36
IDA only,IDX,2012,20617482.97
IDA only,IDX,2013,20617418.33
IDA only,IDX,2014,20616212.68
IDA only,IDX,2015,20616266.34
IDA only,IDX,2016,20616201.34
IDA only,IDX,2017,20615885.03
IDA only,IDX,2018,20604993.23
IDA total,IDA,1990,22484241
IDA total,IDA,2000,22377548
IDA total,IDA,2011,24986991.36
IDA total,IDA,2012,24986852.97
IDA total,IDA,2013,24986788.33
IDA total,IDA,2014,24985582.68
IDA total,IDA,2015,25000827.34
IDA total,IDA,2016,25000759.34
IDA total,IDA,2017,25000442.03
IDA total,IDA,2018,24989518.23
Late-demographic dividend,LTE,1990,44583045
Late-demographic dividend,LTE,2000,44559793
Late-demographic dividend,LTE,2011,44554538.9
Late-demographic dividend,LTE,2012,44554368.9
Late-demographic dividend,LTE,2013,44555480.3
Late-demographic dividend,LTE,2014,44555336.3
Late-demographic dividend,LTE,2015,44558206.8
Late-demographic dividend,LTE,2016,44558200.9
Late-demographic dividend,LTE,2017,44558193.2
Late-demographic dividend,LTE,2018,44558553.2
Latin America & Caribbean,LCN,1990,20071224.4
Latin America & Caribbean,LCN,2000,20042744.4
Latin America & Caribbean,LCN,2011,20042203
Latin America & Caribbean,LCN,2012,20041989
Latin America & Caribbean,LCN,2013,20039560
Latin America & Caribbean,LCN,2014,20039140
Latin America & Caribbean,LCN,2015,20039220
Latin America & Caribbean,LCN,2016,20039160
Latin America & Caribbean,LCN,2017,20038920
Latin America & Caribbean,LCN,2018,20038977
Latin America & Caribbean (excluding high income),LAC,1990,19050790
Latin America & Caribbean (excluding high income),LAC,2000,19022310
Latin America & Caribbean (excluding high income),LAC,2011,19021773
Latin America & Caribbean (excluding high income),LAC,2012,19021559
Latin America & Caribbean (excluding high income),LAC,2013,19019130
Latin America & Caribbean (excluding high income),LAC,2014,19018930
Latin America & Caribbean (excluding high income),LAC,2015,19019010
Latin America & Caribbean (excluding high income),LAC,2016,19018950
Latin America & Caribbean (excluding high income),LAC,2017,19018710
Latin America & Caribbean (excluding high income),LAC,2018,19018710
Latin America & the Caribbean (IDA & IBRD countries),TLA,1990,19942112
Latin America & the Caribbean (IDA & IBRD countries),TLA,2000,19913632
Latin America & the Caribbean (IDA & IBRD countries),TLA,2011,19913632
Latin America & the Caribbean (IDA & IBRD countries),TLA,2012,19913632
Latin America & the Caribbean (IDA & IBRD countries),TLA,2013,19913632
Latin America & the Caribbean (IDA & IBRD countries),TLA,2014,19913412
Latin America & the Caribbean (IDA & IBRD countries),TLA,2015,19913412
Latin America & the Caribbean (IDA & IBRD countries),TLA,2016,19913412
Latin America & the Caribbean (IDA & IBRD countries),TLA,2017,19913412
Latin America & the Caribbean (IDA & IBRD countries),TLA,2018,19913469
Least developed countries: UN classification,LDC,1990,17871544
Least developed countries: UN classification,LDC,2000,17763971
Least developed countries: UN classification,LDC,2011,20373564.36
Least developed countries: UN classification,LDC,2012,20373425.97
Least developed countries: UN classification,LDC,2013,20373361.33
Least developed countries: UN classification,LDC,2014,20373329.68
Least developed countries: UN classification,LDC,2015,20373379.34
Least developed countries: UN classification,LDC,2016,20373314.34
Least developed countries: UN classification,LDC,2017,20372998.03
Least developed countries: UN classification,LDC,2018,20372993.23
Low & middle income,LMY,1990,92188468
Low & middle income,LMY,2000,92029683
Low & middle income,LMY,2011,94628403.26
Low & middle income,LMY,2012,94628060.87
Low & middle income,LMY,2013,94625394.63
Low & middle income,LMY,2014,94624027.98
Low & middle income,LMY,2015,94642237.14
Low & middle income,LMY,2016,94708074.24
Low & middle income,LMY,2017,94707531.23
Low & middle income,LMY,2018,94696657.43
Low income,LIC,1990,12610810
Low income,LIC,2000,12509810
Low income,LIC,2011,15121186.36
Low income,LIC,2012,15121187.97
Low income,LIC,2013,15121193.33
Low income,LIC,2014,15119987.68
Low income,LIC,2015,15120041.34
Low income,LIC,2016,15119949.34
Low income,LIC,2017,15119923.03
Low income,LIC,2018,15119922.23
Lower middle income,LMC,1990,21939994
Lower middle income,LMC,2000,21919701
Lower middle income,LMC,2011,21916718
Lower middle income,LMC,2012,21916588
Lower middle income,LMC,2013,21916538
Lower middle income,LMC,2014,21916508
Lower middle income,LMC,2015,21934578.4
Lower middle income,LMC,2016,21934602.4
Lower middle income,LMC,2017,21934331.4
Lower middle income,LMC,2018,21934361.3
Middle East & North Africa,MEA,1990,11226230
Middle East & North Africa,MEA,2000,11226250
Middle East & North Africa,MEA,2011,11223647
Middle East & North Africa,MEA,2012,11223650
Middle East & North Africa,MEA,2013,11223458
Middle East & North Africa,MEA,2014,11223339
Middle East & North Africa,MEA,2015,11223347
Middle East & North Africa,MEA,2016,11223348
Middle East & North Africa,MEA,2017,11223349
Middle East & North Africa,MEA,2018,11223349
Middle East & North Africa (excluding high income),MNA,1990,8643940
Middle East & North Africa (excluding high income),MNA,2000,8643940
Middle East & North Africa (excluding high income),MNA,2011,8641280
Middle East & North Africa (excluding high income),MNA,2012,8641280
Middle East & North Africa (excluding high income),MNA,2013,8641088
Middle East & North Africa (excluding high income),MNA,2014,8641088
Middle East & North Africa (excluding high income),MNA,2015,8641089
Middle East & North Africa (excluding high income),MNA,2016,8641089
Middle East & North Africa (excluding high income),MNA,2017,8641089
Middle East & North Africa (excluding high income),MNA,2018,8641089
Middle East & North Africa (IDA & IBRD countries),TMN,1990,8637920
Middle East & North Africa (IDA & IBRD countries),TMN,2000,8637920
Middle East & North Africa (IDA & IBRD countries),TMN,2011,8635260
Middle East & North Africa (IDA & IBRD countries),TMN,2012,8635260
Middle East & North Africa (IDA & IBRD countries),TMN,2013,8635068
Middle East & North Africa (IDA & IBRD countries),TMN,2014,8635068
Middle East & North Africa (IDA & IBRD countries),TMN,2015,8635069
Middle East & North Africa (IDA & IBRD countries),TMN,2016,8635069
Middle East & North Africa (IDA & IBRD countries),TMN,2017,8635069
Middle East & North Africa (IDA & IBRD countries),TMN,2018,8635069
Middle income,MIC,1990,79577658
Middle income,MIC,2000,79519873
Middle income,MIC,2011,79507216.9
Middle income,MIC,2012,79506872.9
Middle income,MIC,2013,79504201.3
Middle income,MIC,2014,79504040.3
Middle income,MIC,2015,79522195.8
Middle income,MIC,2016,79588124.9
Middle income,MIC,2017,79587608.2
Middle income,MIC,2018,79576735.2
North America,NAC,1990,18124604
North America,NAC,2000,18127564
North America,NAC,2011,18113064
North America,NAC,2012,18113064
North America,NAC,2013,18113064
North America,NAC,2014,18113064
North America,NAC,2015,18113064
North America,NAC,2016,18113064
North America,NAC,2017,18113064
North America,NAC,2018,18113064
Not classified,INX,1990,..
Not classified,INX,2000,..
Not classified,INX,2011,
Not classified,INX,2012,
Not classified,INX,2013,
Not classified,INX,2014,
Not classified,INX,2015,
Not classified,INX,2016,
Not classified,INX,2017,
Not classified,INX,2018,..
OECD members,OED,1990,35461377
OECD members,OED,2000,35463293
OECD members,OED,2011,35450168
OECD members,OED,2012,35445120.7
OECD members,OED,2013,35446483.16
OECD members,OED,2014,35447081.6
OECD members,OED,2015,35446571.93
OECD members,OED,2016,35456683.36
OECD members,OED,2017,35456660.04
OECD members,OED,2018,35460828.36
Other small states,OSS,1990,2039234
Other small states,OSS,2000,2032331
Other small states,OSS,2011,2030705
Other small states,OSS,2012,2030708
Other small states,OSS,2013,2031788
Other small states,OSS,2014,2031669
Other small states,OSS,2015,2031676
Other small states,OSS,2016,2031704
Other small states,OSS,2017,2031705
Other small states,OSS,2018,2032281
Pacific island small states,PSS,1990,62860
Pacific island small states,PSS,2000,64200
Pacific island small states,PSS,2011,64200
Pacific island small states,PSS,2012,64200
Pacific island small states,PSS,2013,64200
Pacific island small states,PSS,2014,64200
Pacific island small states,PSS,2015,64200
Pacific island small states,PSS,2016,64200
Pacific island small states,PSS,2017,64200
Pacific island small states,PSS,2018,64200
Post-demographic dividend,PST,1990,31355209
Post-demographic dividend,PST,2000,31357185
Post-demographic dividend,PST,2011,31341654.9
Post-demographic dividend,PST,2012,31336425.6
Post-demographic dividend,PST,2013,31334278.46
Post-demographic dividend,PST,2014,31335421.9
Post-demographic dividend,PST,2015,31335005.33
Post-demographic dividend,PST,2016,31345078.86
Post-demographic dividend,PST,2017,31344837.84
Post-demographic dividend,PST,2018,31348558.26
Pre-demographic dividend,PRE,1990,17791611
Pre-demographic dividend,PRE,2000,17791611
Pre-demographic dividend,PRE,2011,20270879.27
Pre-demographic dividend,PRE,2012,20270879.59
Pre-demographic dividend,PRE,2013,20270689.95
Pre-demographic dividend,PRE,2014,20270645.63
Pre-demographic dividend,PRE,2015,20270647.42
Pre-demographic dividend,PRE,2016,20270524.3
Pre-demographic dividend,PRE,2017,20270522.03
Pre-demographic dividend,PRE,2018,20270500.84
Small states,SST,1990,2506944
Small states,SST,2000,2501381
Small states,SST,2011,2499755
Small states,SST,2012,2499758
Small states,SST,2013,2500838
Small states,SST,2014,2500719
Small states,SST,2015,2500726
Small states,SST,2016,2500754
Small states,SST,2017,2500755
Small states,SST,2018,2501331
South Asia,SAS,1990,4779833
South Asia,SAS,2000,4773260
South Asia,SAS,2011,4771577
South Asia,SAS,2012,4771577
South Asia,SAS,2013,4771577
South Asia,SAS,2014,4771577
South Asia,SAS,2015,4770760
South Asia,SAS,2016,4770787
South Asia,SAS,2017,4770787
South Asia,SAS,2018,4770754
South Asia (IDA & IBRD),TSA,1990,4779833
South Asia (IDA & IBRD),TSA,2000,4773260
South Asia (IDA & IBRD),TSA,2011,4771577
South Asia (IDA & IBRD),TSA,2012,4771577
South Asia (IDA & IBRD),TSA,2013,4771577
South Asia (IDA & IBRD),TSA,2014,4771577
South Asia (IDA & IBRD),TSA,2015,4770760
South Asia (IDA & IBRD),TSA,2016,4770787
South Asia (IDA & IBRD),TSA,2017,4770787
South Asia (IDA & IBRD),TSA,2018,4770754
Sub-Saharan Africa,SSF,1990,21342391
Sub-Saharan Africa,SSF,2000,21241391
Sub-Saharan Africa,SSF,2011,23852917.36
Sub-Saharan Africa,SSF,2012,23852918.97
Sub-Saharan Africa,SSF,2013,23852924.33
Sub-Saharan Africa,SSF,2014,23852892.68
Sub-Saharan Africa,SSF,2015,23852942.34
Sub-Saharan Africa,SSF,2016,23852850.34
Sub-Saharan Africa,SSF,2017,23852824.03
Sub-Saharan Africa,SSF,2018,23852823.23
Sub-Saharan Africa (excluding high income),SSA,1990,21339901
Sub-Saharan Africa (excluding high income),SSA,2000,21238901
Sub-Saharan Africa (excluding high income),SSA,2011,23850427.36
Sub-Saharan Africa (excluding high income),SSA,2012,23850428.97
Sub-Saharan Africa (excluding high income),SSA,2013,23850434.33
Sub-Saharan Africa (excluding high income),SSA,2014,23850402.68
Sub-Saharan Africa (excluding high income),SSA,2015,23850452.34
Sub-Saharan Africa (excluding high income),SSA,2016,23850360.34
Sub-Saharan Africa (excluding high income),SSA,2017,23850334.03
Sub-Saharan Africa (excluding high income),SSA,2018,23850333.23
Sub-Saharan Africa (IDA & IBRD countries),TSS,1990,21342391
Sub-Saharan Africa (IDA & IBRD countries),TSS,2000,21241391
Sub-Saharan Africa (IDA & IBRD countries),TSS,2011,23852917.36
Sub-Saharan Africa (IDA & IBRD countries),TSS,2012,23852918.97
Sub-Saharan Africa (IDA & IBRD countries),TSS,2013,23852924.33
Sub-Saharan Africa (IDA & IBRD countries),TSS,2014,23852892.68
Sub-Saharan Africa (IDA & IBRD countries),TSS,2015,23852942.34
Sub-Saharan Africa (IDA & IBRD countries),TSS,2016,23852850.34
Sub-Saharan Africa (IDA & IBRD countries),TSS,2017,23852824.03
Sub-Saharan Africa (IDA & IBRD countries),TSS,2018,23852823.23
Upper middle income,UMC,1990,57637664
Upper middle income,UMC,2000,57600172
Upper middle income,UMC,2011,57590498.9
Upper middle income,UMC,2012,57590284.9
Upper middle income,UMC,2013,57587663.3
Upper middle income,UMC,2014,57587532.3
Upper middle income,UMC,2015,57587617.4
Upper middle income,UMC,2016,57653522.5
Upper middle income,UMC,2017,57653276.8
Upper middle income,UMC,2018,57642373.9
World,WLD,1990,127370787.4
World,WLD,2000,127284028.4
World,WLD,2011,129870230.2
World,WLD,2012,129864695.5
World,WLD,2013,129863403.1
World,WLD,2014,129862977.9
World,WLD,2015,129880684.5
World,WLD,2016,129956634.1
World,WLD,2017,129956069.1
World,WLD,2018,129949282.7
